cbcl_q14_p,cbcl_q29_p,cbcl_q30_p,cbcl_q31_p,cbcl_q32_p,cbcl_q33_p,cbcl_q35_p,cbcl_q45_p,cbcl_q50_p,cbcl_q52_p,cbcl_q71_p,cbcl_q91_p,cbcl_q112_p,Count
0,0,0,0,0,0,0,0,0,0,0,0,0,3662
0,0,0,0,0,0,0,0,0,0,0,0,1,317
0,0,0,0,0,0,0,0,0,0,0,0,2,3
0,0,0,0,0,0,0,0,0,0,0,1,0,5
0,0,0,0,0,0,0,0,0,0,0,1,1,1
0,0,0,0,0,0,0,0,0,0,1,0,0,837
0,0,0,0,0,0,0,0,0,0,1,0,1,229
0,0,0,0,0,0,0,0,0,0,1,1,0,4
0,0,0,0,0,0,0,0,0,0,1,1,1,2
0,0,0,0,0,0,0,0,0,0,2,0,0,35
0,0,0,0,0,0,0,0,0,0,2,0,1,13
0,0,0,0,0,0,0,0,0,1,0,0,0,7
0,0,0,0,0,0,0,0,0,1,0,0,1,5
0,0,0,0,0,0,0,0,0,1,1,0,0,7
0,0,0,0,0,0,0,0,0,1,1,0,1,9
0,0,0,0,0,0,0,0,1,0,0,0,0,71
0,0,0,0,0,0,0,0,1,0,0,0,1,44
0,0,0,0,0,0,0,0,1,0,0,0,2,3
0,0,0,0,0,0,0,0,1,0,0,1,2,1
0,0,0,0,0,0,0,0,1,0,1,0,0,45
0,0,0,0,0,0,0,0,1,0,1,0,1,55
0,0,0,0,0,0,0,0,1,0,1,0,2,3
0,0,0,0,0,0,0,0,1,0,1,1,0,1
0,0,0,0,0,0,0,0,1,0,1,1,1,1
0,0,0,0,0,0,0,0,1,0,2,0,0,6
0,0,0,0,0,0,0,0,1,0,2,0,1,4
0,0,0,0,0,0,0,0,1,0,2,0,2,1
0,0,0,0,0,0,0,0,1,1,0,0,0,1
0,0,0,0,0,0,0,0,1,1,0,0,1,1
0,0,0,0,0,0,0,0,1,1,1,0,0,2
0,0,0,0,0,0,0,1,0,0,0,0,0,107
0,0,0,0,0,0,0,1,0,0,0,0,1,44
0,0,0,0,0,0,0,1,0,0,0,0,2,2
0,0,0,0,0,0,0,1,0,0,0,1,0,1
0,0,0,0,0,0,0,1,0,0,0,1,1,1
0,0,0,0,0,0,0,1,0,0,1,0,0,62
0,0,0,0,0,0,0,1,0,0,1,0,1,50
0,0,0,0,0,0,0,1,0,0,1,0,2,1
0,0,0,0,0,0,0,1,0,0,1,1,0,2
0,0,0,0,0,0,0,1,0,0,2,0,0,6
0,0,0,0,0,0,0,1,0,0,2,0,1,5
0,0,0,0,0,0,0,1,0,0,2,0,2,1
0,0,0,0,0,0,0,1,0,1,0,0,1,1
0,0,0,0,0,0,0,1,0,1,1,0,0,1
0,0,0,0,0,0,0,1,0,1,1,1,1,1
0,0,0,0,0,0,0,1,0,1,2,0,1,1
0,0,0,0,0,0,0,1,1,0,0,0,0,26
0,0,0,0,0,0,0,1,1,0,0,0,1,35
0,0,0,0,0,0,0,1,1,0,0,0,2,3
0,0,0,0,0,0,0,1,1,0,0,1,1,1
0,0,0,0,0,0,0,1,1,0,1,0,0,24
0,0,0,0,0,0,0,1,1,0,1,0,1,40
0,0,0,0,0,0,0,1,1,0,1,0,2,6
0,0,0,0,0,0,0,1,1,0,1,1,1,3
0,0,0,0,0,0,0,1,1,0,2,0,0,1
0,0,0,0,0,0,0,1,1,0,2,0,1,3
0,0,0,0,0,0,0,1,1,0,2,0,2,1
0,0,0,0,0,0,0,1,1,1,0,0,0,1
0,0,0,0,0,0,0,1,1,1,0,0,1,2
0,0,0,0,0,0,0,1,1,1,1,0,1,3
0,0,0,0,0,0,0,1,2,0,0,0,0,2
0,0,0,0,0,0,0,1,2,0,0,0,1,2
0,0,0,0,0,0,0,1,2,0,1,0,1,2
0,0,0,0,0,0,0,2,0,0,0,0,0,2
0,0,0,0,0,0,0,2,0,0,0,0,1,3
0,0,0,0,0,0,0,2,0,0,1,0,0,2
0,0,0,0,0,0,0,2,0,0,2,0,0,1
0,0,0,0,0,0,0,2,1,0,0,0,0,1
0,0,0,0,0,0,0,2,1,0,0,0,1,1
0,0,0,0,0,0,0,2,1,0,0,0,2,1
0,0,0,0,0,0,0,2,1,0,1,0,0,1
0,0,0,0,0,0,0,2,1,0,1,0,1,2
0,0,0,0,0,0,0,2,1,0,2,0,1,1
0,0,0,0,0,0,0,2,2,0,0,0,2,1
0,0,0,0,0,0,1,0,0,0,0,0,0,46
0,0,0,0,0,0,1,0,0,0,0,0,1,9
0,0,0,0,0,0,1,0,0,0,0,0,2,1
0,0,0,0,0,0,1,0,0,0,0,1,1,1
0,0,0,0,0,0,1,0,0,0,1,0,0,40
0,0,0,0,0,0,1,0,0,0,1,0,1,9
0,0,0,0,0,0,1,0,0,0,1,0,2,2
0,0,0,0,0,0,1,0,0,0,1,1,0,1
0,0,0,0,0,0,1,0,0,0,2,0,0,2
0,0,0,0,0,0,1,0,0,0,2,0,2,1
0,0,0,0,0,0,1,0,0,1,0,0,1,1
0,0,0,0,0,0,1,0,0,1,1,0,1,2
0,0,0,0,0,0,1,0,1,0,0,0,0,1
0,0,0,0,0,0,1,0,1,0,0,0,1,1
0,0,0,0,0,0,1,0,1,0,1,0,0,5
0,0,0,0,0,0,1,0,1,0,1,0,1,3
0,0,0,0,0,0,1,0,1,0,2,0,1,2
0,0,0,0,0,0,1,0,1,1,0,0,2,1
0,0,0,0,0,0,1,1,0,0,0,0,0,2
0,0,0,0,0,0,1,1,0,0,0,0,1,2
0,0,0,0,0,0,1,1,0,0,1,0,1,4
0,0,0,0,0,0,1,1,0,0,1,1,0,1
0,0,0,0,0,0,1,1,0,0,2,0,1,2
0,0,0,0,0,0,1,1,0,1,0,0,0,1
0,0,0,0,0,0,1,1,0,1,0,0,1,1
0,0,0,0,0,0,1,1,0,1,1,0,0,1
0,0,0,0,0,0,1,1,1,0,0,0,0,1
0,0,0,0,0,0,1,1,1,0,0,0,1,1
0,0,0,0,0,0,1,1,1,0,1,0,0,1
0,0,0,0,0,0,1,1,1,0,1,0,1,7
0,0,0,0,0,0,1,1,1,0,1,0,2,1
0,0,0,0,0,0,1,1,1,0,2,0,0,1
0,0,0,0,0,0,1,1,1,1,0,0,1,1
0,0,0,0,0,0,1,1,1,1,1,0,0,1
0,0,0,0,0,0,1,1,1,1,1,0,1,2
0,0,0,0,0,0,1,1,1,1,1,1,0,1
0,0,0,0,0,0,1,1,2,1,1,0,0,1
0,0,0,0,0,0,1,2,0,0,0,0,0,1
0,0,0,0,0,0,1,2,1,1,1,0,0,1
0,0,0,0,0,1,0,0,0,0,0,0,0,79
0,0,0,0,0,1,0,0,0,0,0,0,1,12
0,0,0,0,0,1,0,0,0,0,0,1,0,3
0,0,0,0,0,1,0,0,0,0,0,1,1,1
0,0,0,0,0,1,0,0,0,0,1,0,0,47
0,0,0,0,0,1,0,0,0,0,1,0,1,14
0,0,0,0,0,1,0,0,0,0,1,1,0,2
0,0,0,0,0,1,0,0,0,0,2,0,0,1
0,0,0,0,0,1,0,0,0,0,2,0,1,1
0,0,0,0,0,1,0,0,0,0,2,1,0,1
0,0,0,0,0,1,0,0,0,1,0,0,0,1
0,0,0,0,0,1,0,0,1,0,0,0,0,3
0,0,0,0,0,1,0,0,1,0,0,0,1,2
0,0,0,0,0,1,0,0,1,0,1,0,0,1
0,0,0,0,0,1,0,0,1,0,1,0,1,3
0,0,0,0,0,1,0,0,1,0,2,0,1,2
0,0,0,0,0,1,0,0,1,1,0,0,0,1
0,0,0,0,0,1,0,0,1,1,0,0,1,1
0,0,0,0,0,1,0,1,0,0,0,0,0,8
0,0,0,0,0,1,0,1,0,0,0,1,0,1
0,0,0,0,0,1,0,1,0,0,1,0,0,10
0,0,0,0,0,1,0,1,0,0,1,0,1,8
0,0,0,0,0,1,0,1,0,0,2,0,1,1
0,0,0,0,0,1,0,1,0,1,0,0,1,1
0,0,0,0,0,1,0,1,1,0,0,0,1,3
0,0,0,0,0,1,0,1,1,0,0,1,1,1
0,0,0,0,0,1,0,1,1,0,1,0,0,2
0,0,0,0,0,1,0,1,1,0,1,0,1,6
0,0,0,0,0,1,0,2,0,0,2,0,0,1
0,0,0,0,0,1,0,2,1,0,0,0,1,1
0,0,0,0,0,1,0,2,1,0,1,0,2,1
0,0,0,0,0,1,0,2,1,0,1,1,1,1
0,0,0,0,0,1,0,2,1,0,2,0,1,2
0,0,0,0,0,1,0,2,1,1,0,0,1,1
0,0,0,0,0,1,0,2,1,1,1,0,1,1
0,0,0,0,0,1,0,2,2,0,1,0,2,1
0,0,0,0,0,1,1,0,0,0,0,0,0,26
0,0,0,0,0,1,1,0,0,0,0,0,1,2
0,0,0,0,0,1,1,0,0,0,0,1,0,4
0,0,0,0,0,1,1,0,0,0,0,1,1,1
0,0,0,0,0,1,1,0,0,0,1,0,0,14
0,0,0,0,0,1,1,0,0,0,1,0,1,9
0,0,0,0,0,1,1,0,0,0,1,1,1,1
0,0,0,0,0,1,1,0,0,0,2,0,0,1
0,0,0,0,0,1,1,0,0,0,2,0,1,3
0,0,0,0,0,1,1,0,0,1,0,0,0,1
0,0,0,0,0,1,1,0,0,1,1,0,0,1
0,0,0,0,0,1,1,0,1,0,0,0,0,5
0,0,0,0,0,1,1,0,1,0,0,0,1,2
0,0,0,0,0,1,1,0,1,0,1,0,0,2
0,0,0,0,0,1,1,0,1,0,1,0,1,2
0,0,0,0,0,1,1,0,1,0,2,0,1,1
0,0,0,0,0,1,1,0,1,1,0,0,0,1
0,0,0,0,0,1,1,0,1,1,1,1,1,1
0,0,0,0,0,1,1,0,1,1,2,0,1,1
0,0,0,0,0,1,1,1,0,0,0,0,0,3
0,0,0,0,0,1,1,1,0,0,0,0,1,4
0,0,0,0,0,1,1,1,0,0,1,0,0,2
0,0,0,0,0,1,1,1,0,0,1,0,1,2
0,0,0,0,0,1,1,1,0,0,2,0,0,3
0,0,0,0,0,1,1,1,0,0,2,0,1,2
0,0,0,0,0,1,1,1,1,0,0,0,0,1
0,0,0,0,0,1,1,1,1,0,0,0,1,4
0,0,0,0,0,1,1,1,1,0,1,0,1,1
0,0,0,0,0,1,1,1,1,0,2,0,1,1
0,0,0,0,0,1,1,1,1,0,2,1,2,1
0,0,0,0,0,1,1,1,1,1,1,0,1,1
0,0,0,0,0,1,1,1,1,1,1,1,1,1
0,0,0,0,0,1,1,2,0,0,2,0,0,1
0,0,0,0,0,1,1,2,1,0,1,0,0,1
0,0,0,0,0,1,2,0,1,1,2,0,1,1
0,0,0,0,0,1,2,1,2,0,0,2,2,1
0,0,0,0,0,2,1,0,0,0,1,0,1,1
0,0,0,0,0,2,1,0,0,0,1,1,0,1
0,0,0,0,0,2,1,0,0,0,2,0,0,1
0,0,0,0,0,2,1,1,0,0,0,0,1,1
0,0,0,0,0,2,1,2,2,0,1,0,0,1
0,0,0,0,0,2,2,0,0,0,0,1,1,1
0,0,0,0,0,2,2,0,0,0,2,0,1,1
0,0,0,0,0,2,2,2,1,1,2,0,0,1
0,0,0,0,1,0,0,0,0,0,0,0,0,347
0,0,0,0,1,0,0,0,0,0,0,0,1,102
0,0,0,0,1,0,0,0,0,0,0,0,2,1
0,0,0,0,1,0,0,0,0,0,0,1,1,1
0,0,0,0,1,0,0,0,0,0,1,0,0,207
0,0,0,0,1,0,0,0,0,0,1,0,1,117
0,0,0,0,1,0,0,0,0,0,2,0,0,9
0,0,0,0,1,0,0,0,0,0,2,0,1,9
0,0,0,0,1,0,0,0,0,1,0,0,0,7
0,0,0,0,1,0,0,0,0,1,0,0,1,3
0,0,0,0,1,0,0,0,0,1,1,0,0,1
0,0,0,0,1,0,0,0,0,1,1,0,1,10
0,0,0,0,1,0,0,0,0,1,1,0,2,2
0,0,0,0,1,0,0,0,0,1,2,0,1,2
0,0,0,0,1,0,0,0,0,2,1,0,1,1
0,0,0,0,1,0,0,0,1,0,0,0,0,10
0,0,0,0,1,0,0,0,1,0,0,0,1,21
0,0,0,0,1,0,0,0,1,0,0,0,2,2
0,0,0,0,1,0,0,0,1,0,1,0,0,13
0,0,0,0,1,0,0,0,1,0,1,0,1,33
0,0,0,0,1,0,0,0,1,0,1,0,2,1
0,0,0,0,1,0,0,0,1,0,2,0,1,5
0,0,0,0,1,0,0,0,1,1,0,0,0,2
0,0,0,0,1,0,0,0,1,1,0,0,1,1
0,0,0,0,1,0,0,0,1,1,1,0,0,1
0,0,0,0,1,0,0,0,1,1,1,0,1,1
0,0,0,0,1,0,0,0,1,1,1,1,0,1
0,0,0,0,1,0,0,0,1,1,2,0,2,1
0,0,0,0,1,0,0,0,2,0,0,0,2,1
0,0,0,0,1,0,0,0,2,0,1,0,1,1
0,0,0,0,1,0,0,0,2,2,2,0,2,1
0,0,0,0,1,0,0,1,0,0,0,0,0,16
0,0,0,0,1,0,0,1,0,0,0,0,1,22
0,0,0,0,1,0,0,1,0,0,1,0,0,23
0,0,0,0,1,0,0,1,0,0,1,0,1,34
0,0,0,0,1,0,0,1,0,0,1,0,2,1
0,0,0,0,1,0,0,1,0,0,2,0,1,1
0,0,0,0,1,0,0,1,0,1,0,0,0,1
0,0,0,0,1,0,0,1,0,1,1,0,0,1
0,0,0,0,1,0,0,1,0,1,1,0,1,1
0,0,0,0,1,0,0,1,1,0,0,0,0,3
0,0,0,0,1,0,0,1,1,0,0,0,1,17
0,0,0,0,1,0,0,1,1,0,0,0,2,1
0,0,0,0,1,0,0,1,1,0,0,1,2,1
0,0,0,0,1,0,0,1,1,0,1,0,0,7
0,0,0,0,1,0,0,1,1,0,1,0,1,32
0,0,0,0,1,0,0,1,1,0,1,0,2,2
0,0,0,0,1,0,0,1,1,0,2,0,0,2
0,0,0,0,1,0,0,1,1,0,2,0,1,4
0,0,0,0,1,0,0,1,1,0,2,0,2,1
0,0,0,0,1,0,0,1,1,1,0,0,1,2
0,0,0,0,1,0,0,1,1,1,0,0,2,1
0,0,0,0,1,0,0,1,1,1,1,0,0,1
0,0,0,0,1,0,0,1,1,1,1,0,1,4
0,0,0,0,1,0,0,1,1,1,2,0,1,1
0,0,0,0,1,0,0,1,2,1,2,0,2,1
0,0,0,0,1,0,0,2,0,0,0,0,1,2
0,0,0,0,1,0,0,2,1,0,0,0,0,1
0,0,0,0,1,0,0,2,1,0,1,0,0,1
0,0,0,0,1,0,0,2,1,0,1,0,1,1
0,0,0,0,1,0,0,2,2,1,0,0,2,1
0,0,0,0,1,0,1,0,0,0,0,0,0,15
0,0,0,0,1,0,1,0,0,0,0,0,1,7
0,0,0,0,1,0,1,0,0,0,0,1,0,1
0,0,0,0,1,0,1,0,0,0,1,0,0,16
0,0,0,0,1,0,1,0,0,0,1,0,1,16
0,0,0,0,1,0,1,0,0,0,2,0,0,4
0,0,0,0,1,0,1,0,0,0,2,0,1,1
0,0,0,0,1,0,1,0,0,1,0,0,0,1
0,0,0,0,1,0,1,0,0,1,0,0,1,1
0,0,0,0,1,0,1,0,0,1,1,0,0,3
0,0,0,0,1,0,1,0,0,1,1,0,1,5
0,0,0,0,1,0,1,0,0,1,2,0,1,2
0,0,0,0,1,0,1,0,1,0,0,0,0,2
0,0,0,0,1,0,1,0,1,0,0,0,1,1
0,0,0,0,1,0,1,0,1,0,1,0,0,6
0,0,0,0,1,0,1,0,1,0,1,0,1,5
0,0,0,0,1,0,1,0,1,0,2,0,1,1
0,0,0,0,1,0,1,0,1,0,2,0,2,1
0,0,0,0,1,0,1,0,1,1,0,0,1,1
0,0,0,0,1,0,1,0,1,1,1,0,1,3
0,0,0,0,1,0,1,0,1,2,2,0,0,1
0,0,0,0,1,0,1,1,0,0,0,0,1,2
0,0,0,0,1,0,1,1,0,0,1,0,0,1
0,0,0,0,1,0,1,1,0,0,1,0,1,3
0,0,0,0,1,0,1,1,0,0,2,0,1,2
0,0,0,0,1,0,1,1,0,1,1,0,0,1
0,0,0,0,1,0,1,1,0,1,1,0,1,2
0,0,0,0,1,0,1,1,1,0,0,0,0,1
0,0,0,0,1,0,1,1,1,0,1,0,0,2
0,0,0,0,1,0,1,1,1,0,1,0,1,7
0,0,0,0,1,0,1,1,1,0,2,0,1,1
0,0,0,0,1,0,1,1,1,1,1,0,1,1
0,0,0,0,1,0,1,1,1,1,1,0,2,1
0,0,0,0,1,0,1,1,1,1,2,0,1,1
0,0,0,0,1,0,1,1,1,1,2,0,2,1
0,0,0,0,1,0,1,1,2,0,1,0,1,1
0,0,0,0,1,0,1,1,2,1,1,0,1,1
0,0,0,0,1,0,1,1,2,1,2,0,2,1
0,0,0,0,1,0,1,2,1,0,1,0,1,1
0,0,0,0,1,1,0,0,0,0,0,0,0,33
0,0,0,0,1,1,0,0,0,0,0,0,1,7
0,0,0,0,1,1,0,0,0,0,0,0,2,1
0,0,0,0,1,1,0,0,0,0,1,0,0,19
0,0,0,0,1,1,0,0,0,0,1,0,1,14
0,0,0,0,1,1,0,0,0,0,1,1,1,1
0,0,0,0,1,1,0,0,0,0,2,0,0,1
0,0,0,0,1,1,0,0,0,0,2,0,1,1
0,0,0,0,1,1,0,0,0,1,0,0,0,1
0,0,0,0,1,1,0,0,0,1,1,0,0,1
0,0,0,0,1,1,0,0,0,1,1,0,1,1
0,0,0,0,1,1,0,0,1,0,0,0,0,2
0,0,0,0,1,1,0,0,1,0,0,0,1,2
0,0,0,0,1,1,0,0,1,0,1,0,1,5
0,0,0,0,1,1,0,0,1,0,1,1,1,1
0,0,0,0,1,1,0,0,1,0,2,0,1,1
0,0,0,0,1,1,0,0,2,0,1,0,2,1
0,0,0,0,1,1,0,1,0,0,0,0,0,1
0,0,0,0,1,1,0,1,0,0,0,0,1,2
0,0,0,0,1,1,0,1,0,0,1,0,0,4
0,0,0,0,1,1,0,1,0,0,1,0,1,7
0,0,0,0,1,1,0,1,1,0,0,0,0,1
0,0,0,0,1,1,0,1,1,0,0,0,1,4
0,0,0,0,1,1,0,1,1,0,1,0,0,1
0,0,0,0,1,1,0,1,1,0,1,0,1,1
0,0,0,0,1,1,0,1,1,0,1,0,2,1
0,0,0,0,1,1,0,1,1,0,2,0,2,1
0,0,0,0,1,1,0,1,1,1,1,0,1,2
0,0,0,0,1,1,0,1,2,0,1,0,1,1
0,0,0,0,1,1,1,0,0,0,0,0,0,8
0,0,0,0,1,1,1,0,0,0,0,0,1,3
0,0,0,0,1,1,1,0,0,0,0,1,0,2
0,0,0,0,1,1,1,0,0,0,0,1,1,1
0,0,0,0,1,1,1,0,0,0,1,0,0,7
0,0,0,0,1,1,1,0,0,0,1,0,1,16
0,0,0,0,1,1,1,0,0,0,1,1,0,1
0,0,0,0,1,1,1,0,0,0,1,1,1,1
0,0,0,0,1,1,1,0,0,0,2,0,0,2
0,0,0,0,1,1,1,0,0,0,2,0,1,3
0,0,0,0,1,1,1,0,0,1,0,0,1,1
0,0,0,0,1,1,1,0,0,1,1,0,0,2
0,0,0,0,1,1,1,0,0,1,1,0,1,3
0,0,0,0,1,1,1,0,1,0,1,0,0,1
0,0,0,0,1,1,1,0,1,0,1,0,1,3
0,0,0,0,1,1,1,0,1,0,2,0,1,1
0,0,0,0,1,1,1,0,1,1,1,0,1,1
0,0,0,0,1,1,1,0,2,2,2,0,2,1
0,0,0,0,1,1,1,1,0,0,0,0,0,1
0,0,0,0,1,1,1,1,0,0,0,0,1,1
0,0,0,0,1,1,1,1,0,0,1,0,0,2
0,0,0,0,1,1,1,1,0,0,1,0,1,2
0,0,0,0,1,1,1,1,0,0,1,1,1,1
0,0,0,0,1,1,1,1,0,1,0,0,1,1
0,0,0,0,1,1,1,1,1,0,0,0,0,1
0,0,0,0,1,1,1,1,1,0,0,0,1,2
0,0,0,0,1,1,1,1,1,0,1,0,0,1
0,0,0,0,1,1,1,1,1,0,1,0,1,5
0,0,0,0,1,1,1,1,1,0,1,0,2,1
0,0,0,0,1,1,1,1,1,0,2,0,0,1
0,0,0,0,1,1,1,1,1,0,2,0,2,1
0,0,0,0,1,1,1,1,1,1,1,0,0,1
0,0,0,0,1,1,1,1,1,1,1,0,1,1
0,0,0,0,1,1,1,1,1,1,2,0,1,1
0,0,0,0,1,1,1,1,1,1,2,0,2,1
0,0,0,0,1,1,1,2,0,0,1,0,1,1
0,0,0,0,1,1,1,2,1,1,1,0,2,1
0,0,0,0,1,1,2,0,0,0,1,0,1,1
0,0,0,0,1,1,2,1,0,0,2,0,1,1
0,0,0,0,1,1,2,2,2,0,0,0,1,1
0,0,0,0,1,2,1,0,0,0,0,0,1,1
0,0,0,0,1,2,1,0,0,0,2,0,1,1
0,0,0,0,1,2,1,1,1,1,1,0,2,1
0,0,0,0,1,2,1,2,1,0,1,0,2,1
0,0,0,0,1,2,2,0,0,0,1,0,0,1
0,0,0,0,2,0,0,0,0,0,0,0,0,23
0,0,0,0,2,0,0,0,0,0,0,0,1,7
0,0,0,0,2,0,0,0,0,0,1,0,0,9
0,0,0,0,2,0,0,0,0,0,1,0,1,9
0,0,0,0,2,0,0,0,0,0,2,0,0,1
0,0,0,0,2,0,0,0,0,0,2,0,1,2
0,0,0,0,2,0,0,0,0,0,2,0,2,1
0,0,0,0,2,0,0,0,0,1,1,0,1,1
0,0,0,0,2,0,0,0,0,1,2,0,0,1
0,0,0,0,2,0,0,0,1,0,0,0,0,1
0,0,0,0,2,0,0,0,1,0,1,0,0,2
0,0,0,0,2,0,0,0,1,0,1,0,1,2
0,0,0,0,2,0,0,0,1,0,2,0,0,1
0,0,0,0,2,0,0,0,1,1,2,0,1,1
0,0,0,0,2,0,0,0,2,0,1,0,1,1
0,0,0,0,2,0,0,0,2,1,0,0,0,1
0,0,0,0,2,0,0,1,0,0,0,0,0,2
0,0,0,0,2,0,0,1,0,0,0,0,1,1
0,0,0,0,2,0,0,1,0,0,1,0,0,1
0,0,0,0,2,0,0,1,0,0,1,0,1,2
0,0,0,0,2,0,0,1,0,0,2,0,0,1
0,0,0,0,2,0,0,1,0,0,2,0,1,1
0,0,0,0,2,0,0,1,0,1,0,0,0,1
0,0,0,0,2,0,0,1,0,1,0,0,1,1
0,0,0,0,2,0,0,1,1,0,0,0,0,1
0,0,0,0,2,0,0,1,1,0,0,0,1,2
0,0,0,0,2,0,0,1,1,0,1,0,1,2
0,0,0,0,2,0,0,1,1,0,1,0,2,1
0,0,0,0,2,0,0,1,1,0,2,0,1,2
0,0,0,0,2,0,0,1,1,0,2,0,2,1
0,0,0,0,2,0,0,1,1,1,2,0,2,1
0,0,0,0,2,0,0,1,2,0,1,0,1,2
0,0,0,0,2,0,0,2,0,0,0,0,2,1
0,0,0,0,2,0,0,2,0,0,1,0,1,1
0,0,0,0,2,0,0,2,1,0,2,0,2,2
0,0,0,0,2,0,0,2,2,0,1,0,0,1
0,0,0,0,2,0,0,2,2,0,2,0,2,1
0,0,0,0,2,0,0,2,2,1,0,0,2,1
0,0,0,0,2,0,1,0,0,0,0,0,0,1
0,0,0,0,2,0,1,0,0,0,0,0,1,1
0,0,0,0,2,0,1,0,0,0,1,0,0,1
0,0,0,0,2,0,1,0,0,0,1,0,1,2
0,0,0,0,2,0,1,0,0,0,1,0,2,1
0,0,0,0,2,0,1,0,0,1,1,0,1,1
0,0,0,0,2,0,1,0,1,2,1,0,2,1
0,0,0,0,2,0,1,1,0,0,1,0,2,1
0,0,0,0,2,0,1,1,1,0,1,0,1,1
0,0,0,0,2,0,1,1,1,1,0,0,0,1
0,0,0,0,2,0,1,1,1,1,0,0,2,1
0,0,0,0,2,0,2,0,0,0,1,0,1,1
0,0,0,0,2,1,0,0,0,0,0,0,1,1
0,0,0,0,2,1,0,0,0,0,1,0,0,2
0,0,0,0,2,1,0,0,0,0,1,0,1,1
0,0,0,0,2,1,0,0,0,1,1,0,0,1
0,0,0,0,2,1,0,0,1,0,1,0,1,1
0,0,0,0,2,1,0,0,1,0,2,0,1,1
0,0,0,0,2,1,0,0,2,0,0,0,0,1
0,0,0,0,2,1,0,1,0,0,0,0,0,1
0,0,0,0,2,1,0,1,0,0,0,0,1,1
0,0,0,0,2,1,0,1,0,0,1,1,1,1
0,0,0,0,2,1,0,1,1,0,1,0,1,2
0,0,0,0,2,1,0,1,2,0,1,0,2,1
0,0,0,0,2,1,0,2,0,0,2,0,0,1
0,0,0,0,2,1,1,0,0,0,1,0,1,1
0,0,0,0,2,1,1,0,0,0,2,0,0,1
0,0,0,0,2,1,1,0,0,2,0,0,0,1
0,0,0,0,2,1,1,0,1,0,1,0,1,1
0,0,0,0,2,1,1,0,1,0,1,0,2,1
0,0,0,0,2,1,1,0,2,0,1,0,1,1
0,0,0,0,2,1,1,1,0,0,1,0,1,2
0,0,0,0,2,1,1,1,0,0,2,0,2,1
0,0,0,0,2,1,1,1,0,1,2,1,1,1
0,0,0,0,2,1,1,1,1,0,2,0,1,1
0,0,0,0,2,1,1,1,1,1,1,0,2,1
0,0,0,0,2,1,1,1,1,1,2,0,1,1
0,0,0,0,2,1,2,1,1,2,2,1,2,1
0,0,0,0,2,1,2,2,2,1,2,1,2,1
0,0,0,0,2,2,0,0,0,0,0,0,0,1
0,0,0,0,2,2,0,0,0,0,1,0,0,1
0,0,0,0,2,2,1,0,1,1,2,1,2,1
0,0,0,0,2,2,2,0,0,0,2,0,0,1
0,0,0,0,2,2,2,0,0,0,2,1,0,1
0,0,0,0,2,2,2,0,1,0,0,0,1,1
0,0,0,0,2,2,2,1,1,0,2,1,2,1
0,0,0,0,2,2,2,2,2,0,1,0,1,1
0,0,0,1,0,0,0,0,0,0,0,0,0,29
0,0,0,1,0,0,0,0,0,0,0,0,1,2
0,0,0,1,0,0,0,0,0,0,0,1,1,1
0,0,0,1,0,0,0,0,0,0,1,0,0,10
0,0,0,1,0,0,0,0,0,0,1,0,1,6
0,0,0,1,0,0,0,0,0,0,2,0,1,1
0,0,0,1,0,0,0,0,0,1,0,0,0,2
0,0,0,1,0,0,0,0,0,1,0,1,1,1
0,0,0,1,0,0,0,0,0,1,1,0,0,1
0,0,0,1,0,0,0,0,0,1,2,0,0,1
0,0,0,1,0,0,0,0,1,0,0,0,0,1
0,0,0,1,0,0,0,0,1,0,0,0,1,3
0,0,0,1,0,0,0,0,1,0,0,0,2,1
0,0,0,1,0,0,0,0,1,0,1,0,0,3
0,0,0,1,0,0,0,0,1,0,1,0,1,3
0,0,0,1,0,0,0,0,1,1,0,0,0,1
0,0,0,1,0,0,0,0,1,1,0,0,1,1
0,0,0,1,0,0,0,0,1,1,1,0,1,2
0,0,0,1,0,0,0,0,2,0,0,0,2,1
0,0,0,1,0,0,0,1,0,0,0,0,0,2
0,0,0,1,0,0,0,1,0,0,0,0,1,1
0,0,0,1,0,0,0,1,0,0,0,0,2,1
0,0,0,1,0,0,0,1,0,0,0,1,0,1
0,0,0,1,0,0,0,1,0,0,1,0,0,5
0,0,0,1,0,0,0,1,0,0,1,0,1,1
0,0,0,1,0,0,0,1,0,1,1,0,1,1
0,0,0,1,0,0,0,1,0,1,2,0,1,1
0,0,0,1,0,0,0,1,1,0,0,0,0,2
0,0,0,1,0,0,0,1,1,0,0,0,1,1
0,0,0,1,0,0,0,1,1,0,1,0,0,2
0,0,0,1,0,0,0,1,1,0,1,0,1,1
0,0,0,1,0,0,0,2,0,0,0,1,0,1
0,0,0,1,0,0,1,0,0,0,0,0,0,2
0,0,0,1,0,0,1,0,0,0,0,0,1,1
0,0,0,1,0,0,1,0,0,0,0,0,2,1
0,0,0,1,0,0,1,0,0,0,1,0,0,3
0,0,0,1,0,0,1,0,0,0,1,0,1,2
0,0,0,1,0,0,1,0,0,1,1,0,0,1
0,0,0,1,0,0,1,0,0,1,1,0,1,2
0,0,0,1,0,0,1,0,0,1,2,0,0,1
0,0,0,1,0,0,1,0,1,1,0,0,1,1
0,0,0,1,0,0,1,1,0,0,0,0,0,1
0,0,0,1,0,0,1,1,1,0,1,0,0,1
0,0,0,1,0,0,1,1,1,0,1,0,1,2
0,0,0,1,0,0,1,1,1,1,1,0,1,1
0,0,0,1,0,0,1,1,2,0,0,0,0,1
0,0,0,1,0,0,1,2,1,1,1,0,2,1
0,0,0,1,0,1,0,0,0,0,0,0,0,1
0,0,0,1,0,1,0,0,0,0,0,0,1,1
0,0,0,1,0,1,0,0,0,0,1,0,0,1
0,0,0,1,0,1,0,0,0,0,1,0,1,1
0,0,0,1,0,1,0,0,1,0,1,0,1,1
0,0,0,1,0,1,0,0,1,0,1,1,1,1
0,0,0,1,0,1,0,1,0,0,0,0,0,1
0,0,0,1,0,1,0,1,0,0,1,0,1,1
0,0,0,1,0,1,0,1,1,0,1,0,1,2
0,0,0,1,0,1,1,0,0,0,0,1,1,1
0,0,0,1,0,1,1,0,0,0,1,0,0,3
0,0,0,1,0,1,1,0,1,0,0,0,1,2
0,0,0,1,0,1,1,0,1,0,1,0,1,2
0,0,0,1,0,1,1,0,1,0,1,0,2,1
0,0,0,1,0,1,1,0,1,0,1,1,1,1
0,0,0,1,0,1,1,0,2,0,1,0,1,1
0,0,0,1,0,1,1,1,0,0,1,0,1,1
0,0,0,1,0,1,1,1,1,0,0,0,0,1
0,0,0,1,0,1,1,1,1,0,1,0,0,2
0,0,0,1,0,1,1,2,0,0,1,0,1,1
0,0,0,1,0,1,1,2,1,1,2,1,1,1
0,0,0,1,0,1,2,2,2,0,1,1,1,1
0,0,0,1,1,0,0,0,0,0,0,0,0,18
0,0,0,1,1,0,0,0,0,0,0,0,1,7
0,0,0,1,1,0,0,0,0,0,1,0,0,12
0,0,0,1,1,0,0,0,0,0,1,0,1,12
0,0,0,1,1,0,0,0,0,1,0,0,1,2
0,0,0,1,1,0,0,0,0,1,1,0,0,2
0,0,0,1,1,0,0,0,0,1,1,0,1,3
0,0,0,1,1,0,0,0,1,0,0,0,1,5
0,0,0,1,1,0,0,0,1,0,1,0,0,3
0,0,0,1,1,0,0,0,1,0,1,0,1,6
0,0,0,1,1,0,0,0,1,0,2,0,1,2
0,0,0,1,1,0,0,0,1,1,1,0,1,3
0,0,0,1,1,0,0,1,0,0,0,0,1,1
0,0,0,1,1,0,0,1,0,0,1,0,0,2
0,0,0,1,1,0,0,1,0,0,1,0,1,5
0,0,0,1,1,0,0,1,0,1,1,0,1,3
0,0,0,1,1,0,0,1,0,1,1,0,2,1
0,0,0,1,1,0,0,1,1,0,0,0,0,1
0,0,0,1,1,0,0,1,1,0,0,0,1,1
0,0,0,1,1,0,0,1,1,0,1,0,0,3
0,0,0,1,1,0,0,1,1,0,1,0,1,6
0,0,0,1,1,0,0,1,1,0,1,0,2,1
0,0,0,1,1,0,0,1,1,0,2,0,1,1
0,0,0,1,1,0,0,1,1,1,1,0,1,3
0,0,0,1,1,0,0,1,1,1,1,0,2,2
0,0,0,1,1,0,0,2,1,1,1,0,2,1
0,0,0,1,1,0,0,2,2,2,1,0,2,1
0,0,0,1,1,0,0,2,2,2,2,1,2,1
0,0,0,1,1,0,1,0,0,0,1,0,0,2
0,0,0,1,1,0,1,0,0,0,1,0,1,3
0,0,0,1,1,0,1,0,0,0,2,0,1,1
0,0,0,1,1,0,1,0,0,1,0,0,0,1
0,0,0,1,1,0,1,0,0,1,1,0,0,1
0,0,0,1,1,0,1,0,0,1,1,0,1,1
0,0,0,1,1,0,1,0,0,1,2,0,0,1
0,0,0,1,1,0,1,0,1,1,1,1,1,1
0,0,0,1,1,0,1,1,0,0,1,0,1,1
0,0,0,1,1,0,1,1,0,0,1,1,1,1
0,0,0,1,1,0,1,1,0,1,2,0,0,1
0,0,0,1,1,0,1,1,0,1,2,0,1,1
0,0,0,1,1,0,1,1,1,0,0,0,2,1
0,0,0,1,1,0,1,1,1,0,1,0,1,3
0,0,0,1,1,0,1,1,1,0,1,1,1,1
0,0,0,1,1,0,1,1,1,1,0,0,1,2
0,0,0,1,1,0,1,1,2,0,1,0,2,1
0,0,0,1,1,1,0,0,0,0,0,0,0,1
0,0,0,1,1,1,0,0,0,0,0,0,1,2
0,0,0,1,1,1,0,0,0,0,1,0,0,3
0,0,0,1,1,1,0,0,0,0,1,0,1,2
0,0,0,1,1,1,0,0,0,0,2,0,1,1
0,0,0,1,1,1,0,0,0,1,0,0,0,1
0,0,0,1,1,1,0,0,0,1,1,0,0,1
0,0,0,1,1,1,0,0,0,1,1,0,1,1
0,0,0,1,1,1,0,0,0,1,2,0,2,1
0,0,0,1,1,1,0,0,1,0,1,0,1,1
0,0,0,1,1,1,0,1,0,0,1,0,1,2
0,0,0,1,1,1,0,1,0,0,1,1,1,1
0,0,0,1,1,1,0,1,1,0,1,0,2,1
0,0,0,1,1,1,0,1,1,0,2,0,1,1
0,0,0,1,1,1,0,2,0,0,2,0,0,1
0,0,0,1,1,1,0,2,1,0,1,0,0,1
0,0,0,1,1,1,0,2,1,1,1,0,1,1
0,0,0,1,1,1,0,2,2,1,1,0,0,1
0,0,0,1,1,1,1,0,0,0,1,0,0,4
0,0,0,1,1,1,1,0,0,0,1,0,1,1
0,0,0,1,1,1,1,0,0,0,1,1,1,2
0,0,0,1,1,1,1,0,0,0,2,0,0,1
0,0,0,1,1,1,1,0,0,0,2,0,2,1
0,0,0,1,1,1,1,0,0,1,1,0,0,1
0,0,0,1,1,1,1,0,0,1,1,0,1,1
0,0,0,1,1,1,1,0,1,0,0,0,1,1
0,0,0,1,1,1,1,0,1,0,1,0,0,1
0,0,0,1,1,1,1,0,1,0,1,0,1,1
0,0,0,1,1,1,1,0,1,1,2,0,1,1
0,0,0,1,1,1,1,0,1,2,1,0,1,1
0,0,0,1,1,1,1,1,0,0,0,1,1,1
0,0,0,1,1,1,1,1,0,0,1,0,0,1
0,0,0,1,1,1,1,1,0,0,1,0,1,1
0,0,0,1,1,1,1,1,1,0,1,0,1,3
0,0,0,1,1,1,1,1,1,0,1,1,1,1
0,0,0,1,1,1,1,1,1,1,2,0,2,1
0,0,0,1,1,2,1,0,0,0,1,0,1,1
0,0,0,1,1,2,1,0,0,0,2,0,1,1
0,0,0,1,1,2,1,2,0,1,2,1,1,1
0,0,0,1,1,2,1,2,2,0,1,0,1,1
0,0,0,1,1,2,2,1,2,1,2,0,1,1
0,0,0,1,2,0,0,0,0,0,0,0,0,2
0,0,0,1,2,0,0,0,0,0,0,0,1,1
0,0,0,1,2,0,0,0,0,0,1,0,0,3
0,0,0,1,2,0,0,0,0,0,1,0,1,2
0,0,0,1,2,0,0,0,0,0,2,0,1,1
0,0,0,1,2,0,0,0,0,1,1,0,1,1
0,0,0,1,2,0,0,0,0,1,1,0,2,1
0,0,0,1,2,0,0,0,1,0,1,0,1,1
0,0,0,1,2,0,0,1,0,2,1,0,2,1
0,0,0,1,2,0,0,1,1,1,0,0,1,1
0,0,0,1,2,0,0,1,1,1,0,0,2,1
0,0,0,1,2,0,0,1,1,1,2,0,1,1
0,0,0,1,2,0,0,2,1,1,1,0,1,1
0,0,0,1,2,0,1,0,0,0,1,0,1,1
0,0,0,1,2,0,1,0,0,0,2,0,0,1
0,0,0,1,2,0,1,0,1,0,1,0,1,1
0,0,0,1,2,0,1,0,1,0,2,0,1,1
0,0,0,1,2,0,1,1,0,0,1,0,0,1
0,0,0,1,2,0,1,1,0,0,1,0,1,1
0,0,0,1,2,0,1,1,1,1,1,0,1,2
0,0,0,1,2,0,1,1,1,1,1,0,2,1
0,0,0,1,2,0,1,1,1,1,2,0,2,1
0,0,0,1,2,1,0,0,0,0,0,0,0,1
0,0,0,1,2,1,0,0,0,0,1,0,0,1
0,0,0,1,2,1,0,0,1,1,0,1,2,1
0,0,0,1,2,1,1,0,0,0,1,0,2,1
0,0,0,1,2,1,1,1,0,1,1,0,1,1
0,0,0,1,2,1,1,1,0,1,2,0,1,1
0,0,0,1,2,1,1,1,1,0,1,0,1,1
0,0,0,1,2,1,1,1,1,1,0,0,2,1
0,0,0,1,2,1,1,1,1,1,1,0,1,1
0,0,0,1,2,1,1,1,1,1,2,0,1,1
0,0,0,1,2,1,1,1,1,2,2,0,1,1
0,0,0,1,2,1,1,1,1,2,2,0,2,1
0,0,0,1,2,2,1,2,2,2,2,0,2,1
0,0,0,1,2,2,2,1,1,1,2,0,1,1
0,0,0,2,1,0,0,0,0,0,1,0,2,1
0,0,0,2,1,0,0,1,0,0,1,0,0,1
0,0,0,2,1,0,0,1,0,1,1,0,1,1
0,0,0,2,1,0,1,0,0,0,1,0,0,1
0,0,0,2,1,1,1,0,0,1,2,0,0,1
0,0,0,2,2,0,0,0,0,0,1,0,0,2
0,0,0,2,2,0,0,1,1,1,2,0,2,1
0,0,0,2,2,0,0,1,2,1,2,0,0,1
0,0,0,2,2,0,1,0,1,1,1,0,0,1
0,0,0,2,2,0,1,2,2,2,2,0,2,1
0,0,0,2,2,1,1,0,1,1,2,0,0,1
0,0,1,0,0,0,0,0,0,0,0,0,0,12
0,0,1,0,0,0,0,0,0,0,0,0,1,5
0,0,1,0,0,0,0,0,0,0,0,1,0,1
0,0,1,0,0,0,0,0,0,0,1,0,0,5
0,0,1,0,0,0,0,0,0,0,1,0,1,8
0,0,1,0,0,0,0,0,0,0,2,0,0,1
0,0,1,0,0,0,0,0,1,0,0,0,0,1
0,0,1,0,0,0,0,0,1,0,0,0,1,3
0,0,1,0,0,0,0,0,1,0,1,0,0,2
0,0,1,0,0,0,0,0,1,0,1,0,1,1
0,0,1,0,0,0,0,0,1,1,1,0,1,1
0,0,1,0,0,0,0,0,2,0,1,0,1,1
0,0,1,0,0,0,0,0,2,0,2,0,1,1
0,0,1,0,0,0,0,1,0,0,0,0,0,1
0,0,1,0,0,0,0,1,0,0,1,0,1,3
0,0,1,0,0,0,0,1,1,0,0,0,0,1
0,0,1,0,0,0,0,1,1,0,1,0,0,1
0,0,1,0,0,0,0,1,1,0,1,0,1,3
0,0,1,0,0,0,0,1,1,1,0,0,1,1
0,0,1,0,0,0,0,1,2,0,1,0,1,1
0,0,1,0,0,0,1,0,0,0,0,0,0,1
0,0,1,0,0,0,1,0,0,0,1,0,0,1
0,0,1,0,0,0,1,0,0,1,1,0,0,1
0,0,1,0,0,0,1,0,1,0,0,0,0,1
0,0,1,0,0,0,1,0,1,0,1,0,0,1
0,0,1,0,0,0,1,0,1,0,1,0,1,1
0,0,1,0,0,0,1,1,0,0,1,0,1,1
0,0,1,0,0,0,1,1,0,2,1,0,2,1
0,0,1,0,0,1,0,0,0,0,1,0,1,1
0,0,1,0,0,1,0,0,1,0,0,0,1,1
0,0,1,0,0,1,0,0,1,1,2,0,1,1
0,0,1,0,0,1,0,1,0,0,0,0,0,1
0,0,1,0,0,1,1,0,0,0,1,0,0,2
0,0,1,0,0,1,1,0,0,0,1,0,1,1
0,0,1,0,0,1,1,0,0,0,1,1,0,1
0,0,1,0,0,1,1,0,0,0,2,1,2,1
0,0,1,0,0,1,1,0,0,1,1,0,1,1
0,0,1,0,0,1,1,0,1,0,0,0,1,1
0,0,1,0,0,1,1,0,1,0,0,0,2,1
0,0,1,0,0,1,1,0,1,0,2,1,1,1
0,0,1,0,0,1,1,1,0,0,0,0,0,1
0,0,1,0,0,1,1,1,0,1,2,0,1,1
0,0,1,0,0,1,1,1,1,0,1,0,2,1
0,0,1,0,0,2,2,0,2,0,1,0,2,1
0,0,1,0,1,0,0,0,0,0,0,0,0,2
0,0,1,0,1,0,0,0,0,0,0,0,1,1
0,0,1,0,1,0,0,0,0,0,1,0,1,3
0,0,1,0,1,0,0,0,0,0,2,0,0,1
0,0,1,0,1,0,0,0,0,1,1,0,1,3
0,0,1,0,1,0,0,0,1,0,0,0,1,1
0,0,1,0,1,0,0,0,1,0,1,0,0,1
0,0,1,0,1,0,0,0,1,0,1,0,1,1
0,0,1,0,1,0,0,1,0,0,1,0,1,1
0,0,1,0,1,0,0,1,0,0,1,0,2,1
0,0,1,0,1,0,0,1,1,0,1,0,1,2
0,0,1,0,1,0,0,1,1,1,1,0,1,2
0,0,1,0,1,0,1,0,1,0,1,0,1,1
0,0,1,0,1,0,1,1,1,1,1,0,1,1
0,0,1,0,1,1,0,0,0,0,0,1,0,1
0,0,1,0,1,1,0,0,0,0,1,0,0,2
0,0,1,0,1,1,0,0,0,0,1,0,1,1
0,0,1,0,1,1,0,1,0,0,1,0,1,1
0,0,1,0,1,1,0,1,1,0,1,0,2,1
0,0,1,0,1,1,1,0,0,0,0,0,1,1
0,0,1,0,1,1,1,0,0,0,2,1,1,1
0,0,1,0,1,1,1,0,0,1,0,0,0,1
0,0,1,0,1,1,1,0,1,0,1,0,1,1
0,0,1,0,1,1,1,0,1,1,2,0,0,1
0,0,1,0,1,1,1,1,0,0,1,0,1,1
0,0,1,0,1,1,1,1,0,0,1,1,1,1
0,0,1,0,1,1,1,1,1,0,1,0,1,1
0,0,1,0,1,1,1,1,1,0,2,0,0,1
0,0,1,0,1,1,1,2,2,1,2,0,2,1
0,0,1,0,2,0,0,0,2,1,1,0,1,1
0,0,1,0,2,0,0,1,0,0,1,0,2,1
0,0,1,0,2,0,0,1,2,1,0,0,2,1
0,0,1,0,2,0,1,0,0,0,1,0,1,1
0,0,1,0,2,0,1,1,1,0,2,0,2,1
0,0,1,0,2,0,1,1,2,0,2,0,1,1
0,0,1,0,2,1,0,1,1,2,1,0,1,1
0,0,1,0,2,1,0,2,0,0,1,0,1,1
0,0,1,0,2,1,1,1,1,2,2,1,2,1
0,0,1,1,0,0,0,0,0,0,0,0,0,1
0,0,1,1,0,0,0,0,0,0,2,0,0,1
0,0,1,1,0,0,0,0,0,1,1,0,1,2
0,0,1,1,0,0,0,0,1,0,0,0,1,1
0,0,1,1,0,0,1,2,0,0,1,0,0,1
0,0,1,1,0,1,0,1,1,0,2,0,1,1
0,0,1,1,0,1,0,1,1,1,0,0,2,1
0,0,1,1,0,1,1,1,0,1,1,0,1,1
0,0,1,1,1,0,0,0,0,0,0,0,0,2
0,0,1,1,1,0,0,0,1,1,2,0,2,1
0,0,1,1,1,0,0,1,1,0,1,0,1,1
0,0,1,1,1,0,0,1,1,1,0,0,2,1
0,0,1,1,1,0,1,0,0,0,0,0,1,1
0,0,1,1,1,0,1,0,0,1,1,0,1,1
0,0,1,1,1,0,1,0,1,1,0,0,1,1
0,0,1,1,1,1,0,0,0,2,1,1,1,1
0,0,1,1,1,1,0,1,1,0,1,0,1,2
0,0,1,1,1,1,0,1,2,1,1,0,2,1
0,0,1,1,1,1,1,0,0,0,1,0,0,1
0,0,1,1,1,1,1,0,0,0,1,0,1,1
0,0,1,1,1,1,1,0,0,0,2,0,1,1
0,0,1,1,1,1,1,0,1,0,0,0,0,1
0,0,1,1,1,1,1,0,1,0,1,0,1,1
0,0,1,1,1,1,1,1,0,0,1,0,1,1
0,0,1,1,1,1,1,1,0,0,2,0,1,1
0,0,1,1,1,1,1,1,1,0,1,1,1,1
0,0,1,1,1,1,1,2,1,0,1,1,1,1
0,0,1,1,1,1,1,2,1,0,1,1,2,1
0,0,1,1,1,2,1,1,0,0,0,0,1,1
0,0,1,1,1,2,2,0,1,0,2,1,1,1
0,0,1,1,2,0,0,0,1,0,1,0,1,1
0,0,1,1,2,1,1,1,1,1,1,1,1,1
0,0,1,1,2,1,2,0,0,1,1,1,0,1
0,0,1,1,2,1,2,1,2,0,2,0,2,1
0,0,1,1,2,2,1,0,0,0,2,0,0,1
0,0,1,2,2,0,1,1,1,1,0,0,1,1
0,0,2,0,0,0,0,0,0,0,0,0,0,1
0,0,2,0,0,0,0,0,0,0,1,0,0,1
0,0,2,0,0,0,0,0,0,0,2,0,1,1
0,0,2,0,0,0,0,1,0,0,0,0,0,1
0,0,2,0,0,0,0,1,1,0,0,0,1,1
0,0,2,0,0,0,0,2,0,0,0,0,0,1
0,0,2,0,0,0,1,0,1,1,2,0,1,1
0,0,2,0,0,1,2,0,0,0,1,2,0,1
0,0,2,0,1,0,0,0,0,0,1,0,0,1
0,0,2,0,1,0,0,0,0,0,1,0,1,1
0,0,2,1,1,0,2,2,2,1,2,1,2,1
0,0,2,1,2,1,1,0,1,0,2,0,1,1
0,0,2,2,2,2,1,1,0,0,2,0,0,1
0,0,2,2,2,2,2,2,2,2,2,1,2,1
0,1,0,0,0,0,0,0,0,0,0,0,0,330
0,1,0,0,0,0,0,0,0,0,0,0,1,62
0,1,0,0,0,0,0,0,0,0,0,0,2,1
0,1,0,0,0,0,0,0,0,0,1,0,0,140
0,1,0,0,0,0,0,0,0,0,1,0,1,54
0,1,0,0,0,0,0,0,0,0,1,1,2,1
0,1,0,0,0,0,0,0,0,0,2,0,0,3
0,1,0,0,0,0,0,0,0,0,2,0,1,2
0,1,0,0,0,0,0,0,0,1,0,0,0,1
0,1,0,0,0,0,0,0,0,1,1,0,0,2
0,1,0,0,0,0,0,0,0,1,1,0,1,2
0,1,0,0,0,0,0,0,0,1,2,0,0,1
0,1,0,0,0,0,0,0,1,0,0,0,0,27
0,1,0,0,0,0,0,0,1,0,0,0,1,26
0,1,0,0,0,0,0,0,1,0,1,0,0,34
0,1,0,0,0,0,0,0,1,0,1,0,1,33
0,1,0,0,0,0,0,0,1,0,1,0,2,2
0,1,0,0,0,0,0,0,1,0,2,0,0,1
0,1,0,0,0,0,0,0,1,0,2,0,1,1
0,1,0,0,0,0,0,0,1,1,0,0,0,1
0,1,0,0,0,0,0,0,1,1,1,0,0,2
0,1,0,0,0,0,0,0,1,1,1,0,2,1
0,1,0,0,0,0,0,0,2,0,0,0,1,1
0,1,0,0,0,0,0,0,2,0,1,0,0,1
0,1,0,0,0,0,0,0,2,0,1,0,1,1
0,1,0,0,0,0,0,0,2,1,0,0,1,1
0,1,0,0,0,0,0,1,0,0,0,0,0,16
0,1,0,0,0,0,0,1,0,0,0,0,1,5
0,1,0,0,0,0,0,1,0,0,0,0,2,1
0,1,0,0,0,0,0,1,0,0,1,0,0,17
0,1,0,0,0,0,0,1,0,0,1,0,1,14
0,1,0,0,0,0,0,1,0,0,1,0,2,2
0,1,0,0,0,0,0,1,0,0,2,0,0,1
0,1,0,0,0,0,0,1,0,0,2,0,1,1
0,1,0,0,0,0,0,1,0,1,0,0,0,1
0,1,0,0,0,0,0,1,0,1,1,0,1,1
0,1,0,0,0,0,0,1,1,0,0,0,0,15
0,1,0,0,0,0,0,1,1,0,0,0,1,19
0,1,0,0,0,0,0,1,1,0,0,0,2,1
0,1,0,0,0,0,0,1,1,0,1,0,0,18
0,1,0,0,0,0,0,1,1,0,1,0,1,26
0,1,0,0,0,0,0,1,1,0,1,0,2,3
0,1,0,0,0,0,0,1,1,0,2,0,1,7
0,1,0,0,0,0,0,1,1,0,2,0,2,1
0,1,0,0,0,0,0,1,1,1,0,0,0,1
0,1,0,0,0,0,0,1,1,1,0,0,1,1
0,1,0,0,0,0,0,1,1,1,1,0,1,3
0,1,0,0,0,0,0,1,1,1,1,0,2,1
0,1,0,0,0,0,0,1,1,1,2,0,2,1
0,1,0,0,0,0,0,1,1,2,2,0,2,1
0,1,0,0,0,0,0,1,2,0,0,0,2,1
0,1,0,0,0,0,0,1,2,0,1,0,0,1
0,1,0,0,0,0,0,1,2,0,1,0,2,1
0,1,0,0,0,0,0,2,0,0,0,0,0,1
0,1,0,0,0,0,0,2,1,0,0,0,0,1
0,1,0,0,0,0,0,2,1,0,1,0,0,1
0,1,0,0,0,0,0,2,1,0,1,0,1,3
0,1,0,0,0,0,0,2,2,0,0,0,1,3
0,1,0,0,0,0,0,2,2,0,0,0,2,1
0,1,0,0,0,0,0,2,2,0,1,0,1,2
0,1,0,0,0,0,0,2,2,0,1,0,2,2
0,1,0,0,0,0,0,2,2,0,2,1,2,1
0,1,0,0,0,0,1,0,0,0,0,0,0,2
0,1,0,0,0,0,1,0,0,0,0,1,0,1
0,1,0,0,0,0,1,0,0,0,1,0,0,4
0,1,0,0,0,0,1,0,0,0,1,0,1,6
0,1,0,0,0,0,1,0,0,0,2,0,0,1
0,1,0,0,0,0,1,0,0,1,1,0,1,2
0,1,0,0,0,0,1,0,1,0,0,0,0,1
0,1,0,0,0,0,1,0,1,0,0,0,1,4
0,1,0,0,0,0,1,0,1,0,0,1,1,1
0,1,0,0,0,0,1,0,1,0,1,0,0,2
0,1,0,0,0,0,1,0,1,0,1,0,1,6
0,1,0,0,0,0,1,0,1,0,2,0,1,1
0,1,0,0,0,0,1,0,1,0,2,0,2,1
0,1,0,0,0,0,1,1,0,0,1,0,0,1
0,1,0,0,0,0,1,1,0,0,1,0,1,1
0,1,0,0,0,0,1,1,0,1,2,0,1,1
0,1,0,0,0,0,1,1,1,0,0,0,0,1
0,1,0,0,0,0,1,1,1,0,0,0,1,3
0,1,0,0,0,0,1,1,1,0,1,0,0,1
0,1,0,0,0,0,1,1,1,0,1,0,1,5
0,1,0,0,0,0,1,1,1,1,1,0,1,1
0,1,0,0,0,0,1,2,1,0,0,0,0,1
0,1,0,0,0,0,1,2,1,0,0,0,2,1
0,1,0,0,0,0,2,1,2,0,2,0,1,1
0,1,0,0,0,1,0,0,0,0,0,0,0,3
0,1,0,0,0,1,0,0,0,0,0,0,1,1
0,1,0,0,0,1,0,0,0,0,0,1,0,1
0,1,0,0,0,1,0,0,0,0,1,0,0,9
0,1,0,0,0,1,0,0,0,0,1,0,1,2
0,1,0,0,0,1,0,0,0,0,1,0,2,1
0,1,0,0,0,1,0,0,1,0,0,0,0,1
0,1,0,0,0,1,0,0,1,0,0,0,1,1
0,1,0,0,0,1,0,0,1,0,1,0,0,3
0,1,0,0,0,1,0,0,1,0,1,0,1,5
0,1,0,0,0,1,0,0,1,0,2,0,2,1
0,1,0,0,0,1,0,1,0,0,1,0,0,2
0,1,0,0,0,1,0,1,0,0,1,0,1,1
0,1,0,0,0,1,0,1,0,0,2,0,1,1
0,1,0,0,0,1,0,1,1,0,0,0,0,2
0,1,0,0,0,1,0,1,1,0,1,0,0,1
0,1,0,0,0,1,0,1,1,0,1,0,1,4
0,1,0,0,0,1,0,1,1,0,1,0,2,2
0,1,0,0,0,1,0,1,1,0,2,0,1,1
0,1,0,0,0,1,0,1,2,0,2,0,2,1
0,1,0,0,0,1,0,2,1,0,1,0,1,1
0,1,0,0,0,1,0,2,1,0,1,0,2,1
0,1,0,0,0,1,0,2,1,0,2,0,1,1
0,1,0,0,0,1,0,2,2,0,1,0,0,1
0,1,0,0,0,1,1,0,0,0,0,0,0,1
0,1,0,0,0,1,1,0,0,0,0,1,0,1
0,1,0,0,0,1,1,0,0,0,1,0,0,1
0,1,0,0,0,1,1,0,0,0,2,0,1,1
0,1,0,0,0,1,1,0,1,0,0,0,0,1
0,1,0,0,0,1,1,0,1,0,1,0,0,1
0,1,0,0,0,1,1,0,1,0,1,0,1,3
0,1,0,0,0,1,1,0,2,0,2,0,2,1
0,1,0,0,0,1,1,1,0,0,0,1,0,1
0,1,0,0,0,1,1,1,0,0,0,1,1,1
0,1,0,0,0,1,1,1,0,0,1,1,2,1
0,1,0,0,0,1,1,1,0,1,1,0,1,1
0,1,0,0,0,1,1,1,1,0,1,0,1,5
0,1,0,0,0,1,1,1,1,0,2,0,1,3
0,1,0,0,0,1,1,1,2,0,2,0,1,1
0,1,0,0,0,1,1,1,2,1,1,0,1,1
0,1,0,0,0,1,2,2,1,0,1,0,1,1
0,1,0,0,0,2,0,0,0,0,0,0,0,1
0,1,0,0,1,0,0,0,0,0,0,0,0,39
0,1,0,0,1,0,0,0,0,0,0,0,1,19
0,1,0,0,1,0,0,0,0,0,1,0,0,31
0,1,0,0,1,0,0,0,0,0,1,0,1,25
0,1,0,0,1,0,0,0,0,0,2,0,0,6
0,1,0,0,1,0,0,0,0,0,2,0,1,3
0,1,0,0,1,0,0,0,0,1,0,0,1,1
0,1,0,0,1,0,0,0,0,1,1,0,0,2
0,1,0,0,1,0,0,0,0,1,1,0,1,3
0,1,0,0,1,0,0,0,1,0,0,0,0,6
0,1,0,0,1,0,0,0,1,0,0,0,1,8
0,1,0,0,1,0,0,0,1,0,1,0,0,12
0,1,0,0,1,0,0,0,1,0,1,0,1,17
0,1,0,0,1,0,0,0,1,0,1,0,2,2
0,1,0,0,1,0,0,0,1,0,1,1,1,1
0,1,0,0,1,0,0,0,1,0,2,0,0,1
0,1,0,0,1,0,0,0,1,0,2,0,1,2
0,1,0,0,1,0,0,0,1,0,2,0,2,1
0,1,0,0,1,0,0,0,1,1,0,0,1,1
0,1,0,0,1,0,0,0,1,1,1,0,1,2
0,1,0,0,1,0,0,1,0,0,0,0,0,3
0,1,0,0,1,0,0,1,0,0,0,0,1,3
0,1,0,0,1,0,0,1,0,0,1,0,0,5
0,1,0,0,1,0,0,1,0,0,1,0,1,7
0,1,0,0,1,0,0,1,0,0,1,0,2,2
0,1,0,0,1,0,0,1,0,0,2,0,1,3
0,1,0,0,1,0,0,1,1,0,0,0,0,7
0,1,0,0,1,0,0,1,1,0,0,0,1,3
0,1,0,0,1,0,0,1,1,0,0,0,2,2
0,1,0,0,1,0,0,1,1,0,1,0,0,8
0,1,0,0,1,0,0,1,1,0,1,0,1,24
0,1,0,0,1,0,0,1,1,0,1,0,2,1
0,1,0,0,1,0,0,1,1,0,2,0,1,3
0,1,0,0,1,0,0,1,1,0,2,1,2,1
0,1,0,0,1,0,0,1,1,1,1,0,1,4
0,1,0,0,1,0,0,1,1,1,2,0,1,2
0,1,0,0,1,0,0,1,2,0,1,0,0,2
0,1,0,0,1,0,0,1,2,0,1,0,2,1
0,1,0,0,1,0,0,1,2,0,2,0,1,1
0,1,0,0,1,0,0,2,1,0,1,0,1,1
0,1,0,0,1,0,0,2,2,0,0,0,1,1
0,1,0,0,1,0,0,2,2,0,1,0,2,1
0,1,0,0,1,0,0,2,2,0,2,0,2,1
0,1,0,0,1,0,1,0,0,0,0,0,1,3
0,1,0,0,1,0,1,0,0,0,1,0,0,3
0,1,0,0,1,0,1,0,0,0,1,0,1,5
0,1,0,0,1,0,1,0,0,0,2,0,0,1
0,1,0,0,1,0,1,0,0,0,2,0,1,2
0,1,0,0,1,0,1,0,0,1,1,0,0,1
0,1,0,0,1,0,1,0,0,1,1,0,1,3
0,1,0,0,1,0,1,0,1,0,1,0,0,3
0,1,0,0,1,0,1,0,1,0,1,0,1,1
0,1,0,0,1,0,1,0,1,0,2,0,1,1
0,1,0,0,1,0,1,0,1,1,2,0,1,1
0,1,0,0,1,0,1,1,0,0,1,1,1,1
0,1,0,0,1,0,1,1,0,1,1,0,1,1
0,1,0,0,1,0,1,1,1,0,0,0,1,2
0,1,0,0,1,0,1,1,1,0,0,0,2,1
0,1,0,0,1,0,1,1,1,0,1,0,0,2
0,1,0,0,1,0,1,1,1,0,1,0,1,7
0,1,0,0,1,0,1,1,1,0,1,0,2,1
0,1,0,0,1,0,1,1,1,1,0,1,1,1
0,1,0,0,1,0,1,1,1,1,1,0,1,1
0,1,0,0,1,0,1,1,1,1,1,0,2,1
0,1,0,0,1,0,1,1,1,1,1,1,1,1
0,1,0,0,1,0,1,1,2,0,2,0,2,1
0,1,0,0,1,0,1,1,2,0,2,1,1,1
0,1,0,0,1,0,1,2,1,1,2,0,1,1
0,1,0,0,1,0,1,2,1,1,2,1,2,1
0,1,0,0,1,0,1,2,2,1,1,0,2,1
0,1,0,0,1,0,2,0,0,0,1,0,1,1
0,1,0,0,1,0,2,0,0,0,2,0,1,1
0,1,0,0,1,0,2,0,1,0,1,0,1,1
0,1,0,0,1,1,0,0,0,0,0,0,0,3
0,1,0,0,1,1,0,0,0,0,0,0,1,3
0,1,0,0,1,1,0,0,0,0,1,0,0,7
0,1,0,0,1,1,0,0,0,0,1,0,1,5
0,1,0,0,1,1,0,0,0,0,1,1,0,1
0,1,0,0,1,1,0,0,0,0,1,1,1,1
0,1,0,0,1,1,0,0,0,1,0,0,0,1
0,1,0,0,1,1,0,0,1,0,1,0,1,3
0,1,0,0,1,1,0,0,1,0,2,0,1,1
0,1,0,0,1,1,0,0,1,1,0,0,0,1
0,1,0,0,1,1,0,0,1,1,1,0,1,1
0,1,0,0,1,1,0,0,1,1,2,0,2,1
0,1,0,0,1,1,0,1,0,0,1,0,0,3
0,1,0,0,1,1,0,1,0,0,1,0,1,1
0,1,0,0,1,1,0,1,0,0,1,1,1,1
0,1,0,0,1,1,0,1,0,0,2,0,1,1
0,1,0,0,1,1,0,1,0,1,1,0,1,2
0,1,0,0,1,1,0,1,1,0,0,0,0,1
0,1,0,0,1,1,0,1,1,0,0,0,1,1
0,1,0,0,1,1,0,1,1,0,0,0,2,1
0,1,0,0,1,1,0,1,1,0,1,0,0,2
0,1,0,0,1,1,0,1,1,0,1,0,1,1
0,1,0,0,1,1,0,1,1,0,2,0,1,1
0,1,0,0,1,1,0,1,1,1,0,0,1,1
0,1,0,0,1,1,0,1,1,1,1,0,1,1
0,1,0,0,1,1,0,1,1,1,1,1,1,1
0,1,0,0,1,1,0,1,1,1,2,0,1,1
0,1,0,0,1,1,1,0,0,0,0,0,0,1
0,1,0,0,1,1,1,0,0,0,0,0,1,1
0,1,0,0,1,1,1,0,0,0,1,0,1,3
0,1,0,0,1,1,1,0,0,1,0,1,1,1
0,1,0,0,1,1,1,0,1,0,0,0,0,1
0,1,0,0,1,1,1,0,1,0,1,0,1,1
0,1,0,0,1,1,1,0,1,0,1,0,2,1
0,1,0,0,1,1,1,0,1,1,0,1,1,1
0,1,0,0,1,1,1,0,1,1,1,0,1,1
0,1,0,0,1,1,1,0,1,1,2,0,1,1
0,1,0,0,1,1,1,1,0,0,1,0,1,1
0,1,0,0,1,1,1,1,0,0,2,0,0,1
0,1,0,0,1,1,1,1,0,0,2,0,1,1
0,1,0,0,1,1,1,1,1,1,0,0,1,1
0,1,0,0,1,1,1,1,1,1,1,0,1,1
0,1,0,0,1,1,1,1,1,1,2,0,1,1
0,1,0,0,1,1,1,2,1,0,2,0,2,1
0,1,0,0,1,1,1,2,2,1,2,1,2,1
0,1,0,0,1,2,0,0,0,0,0,0,0,1
0,1,0,0,1,2,1,1,0,0,1,1,1,1
0,1,0,0,1,2,2,1,2,1,2,0,2,1
0,1,0,0,2,0,0,0,0,0,0,0,0,2
0,1,0,0,2,0,0,0,0,0,0,0,1,1
0,1,0,0,2,0,0,0,0,0,1,0,0,3
0,1,0,0,2,0,0,0,0,0,1,0,1,2
0,1,0,0,2,0,0,0,0,0,1,0,2,2
0,1,0,0,2,0,0,0,0,0,2,0,1,1
0,1,0,0,2,0,0,0,1,0,0,0,1,2
0,1,0,0,2,0,0,0,1,0,1,0,1,2
0,1,0,0,2,0,0,0,1,0,1,0,2,1
0,1,0,0,2,0,0,0,1,1,2,0,1,1
0,1,0,0,2,0,0,0,2,0,1,0,2,1
0,1,0,0,2,0,0,1,0,0,1,0,0,2
0,1,0,0,2,0,0,1,0,0,1,0,1,1
0,1,0,0,2,0,0,1,1,0,0,0,1,1
0,1,0,0,2,0,0,1,1,0,1,0,1,2
0,1,0,0,2,0,0,1,1,0,2,0,1,1
0,1,0,0,2,0,0,1,2,0,2,0,1,2
0,1,0,0,2,0,0,2,0,0,2,0,0,1
0,1,0,0,2,0,0,2,1,0,2,0,2,1
0,1,0,0,2,0,0,2,2,1,2,0,2,1
0,1,0,0,2,0,1,0,0,0,1,0,0,1
0,1,0,0,2,0,1,0,1,0,1,0,1,2
0,1,0,0,2,0,1,0,1,0,1,1,1,1
0,1,0,0,2,0,1,0,1,1,1,0,1,2
0,1,0,0,2,0,1,1,0,0,1,0,1,1
0,1,0,0,2,0,1,1,0,1,2,0,2,1
0,1,0,0,2,0,1,1,1,1,1,0,1,1
0,1,0,0,2,0,1,1,2,0,2,1,2,1
0,1,0,0,2,0,1,1,2,1,2,0,2,1
0,1,0,0,2,0,1,1,2,2,1,0,1,1
0,1,0,0,2,0,1,2,1,1,1,0,2,1
0,1,0,0,2,1,0,0,0,0,2,0,1,1
0,1,0,0,2,1,0,0,0,1,1,0,1,1
0,1,0,0,2,1,0,1,0,0,2,0,0,1
0,1,0,0,2,1,0,1,1,0,1,0,1,1
0,1,0,0,2,1,1,0,0,1,1,1,1,1
0,1,0,0,2,1,1,0,1,0,1,0,1,1
0,1,0,0,2,1,1,0,2,0,2,0,1,1
0,1,0,0,2,1,1,1,1,0,0,0,1,1
0,1,0,0,2,1,1,1,1,0,1,0,1,1
0,1,0,0,2,1,1,1,1,0,2,0,1,2
0,1,0,0,2,1,1,1,1,0,2,1,1,1
0,1,0,0,2,1,1,1,1,1,1,0,1,1
0,1,0,0,2,1,1,1,2,0,2,0,2,1
0,1,0,0,2,1,1,1,2,0,2,1,1,1
0,1,0,0,2,1,1,2,2,1,1,0,2,1
0,1,0,1,0,0,0,0,0,0,0,0,0,9
0,1,0,1,0,0,0,0,0,0,0,0,1,1
0,1,0,1,0,0,0,0,0,0,1,0,0,3
0,1,0,1,0,0,0,0,0,0,1,0,1,5
0,1,0,1,0,0,0,0,0,0,2,0,1,1
0,1,0,1,0,0,0,0,1,0,0,0,0,4
0,1,0,1,0,0,0,0,1,0,1,0,0,2
0,1,0,1,0,0,0,0,1,0,1,0,1,1
0,1,0,1,0,0,0,0,1,0,1,0,2,1
0,1,0,1,0,0,0,0,1,0,2,0,2,1
0,1,0,1,0,0,0,0,1,1,1,0,1,1
0,1,0,1,0,0,0,0,2,0,2,0,2,1
0,1,0,1,0,0,0,1,0,0,0,0,0,2
0,1,0,1,0,0,0,1,0,1,1,0,0,1
0,1,0,1,0,0,0,1,1,0,0,0,0,1
0,1,0,1,0,0,0,1,1,0,0,0,1,2
0,1,0,1,0,0,0,1,1,0,1,0,0,5
0,1,0,1,0,0,0,1,1,0,1,0,1,4
0,1,0,1,0,0,0,1,1,1,0,0,1,2
0,1,0,1,0,0,0,1,1,1,1,0,2,1
0,1,0,1,0,0,0,1,2,0,1,1,2,1
0,1,0,1,0,0,0,1,2,1,2,0,2,1
0,1,0,1,0,0,0,2,1,1,2,0,2,1
0,1,0,1,0,0,0,2,2,0,0,0,1,1
0,1,0,1,0,0,0,2,2,0,1,0,0,1
0,1,0,1,0,0,0,2,2,1,2,0,2,1
0,1,0,1,0,0,1,0,0,0,1,0,0,1
0,1,0,1,0,0,1,0,0,0,1,0,1,3
0,1,0,1,0,0,1,0,0,0,2,0,1,1
0,1,0,1,0,0,1,0,1,0,1,0,1,3
0,1,0,1,0,0,1,1,0,1,0,0,0,1
0,1,0,1,0,1,0,0,0,0,1,0,1,3
0,1,0,1,0,1,0,0,0,1,1,0,1,1
0,1,0,1,0,1,0,0,1,0,0,0,0,1
0,1,0,1,0,1,0,0,1,1,1,0,1,1
0,1,0,1,0,1,0,1,0,0,1,0,0,1
0,1,0,1,0,1,0,1,1,0,1,0,1,3
0,1,0,1,0,1,0,1,1,1,1,0,1,1
0,1,0,1,0,1,1,0,0,0,0,0,0,1
0,1,0,1,0,1,1,1,1,0,0,0,2,1
0,1,0,1,0,1,1,1,1,1,1,0,2,2
0,1,0,1,0,2,1,2,1,0,1,1,2,1
0,1,0,1,1,0,0,0,0,0,0,0,0,8
0,1,0,1,1,0,0,0,0,0,0,0,1,1
0,1,0,1,1,0,0,0,0,0,1,0,0,6
0,1,0,1,1,0,0,0,0,0,1,0,1,7
0,1,0,1,1,0,0,0,0,1,1,0,0,1
0,1,0,1,1,0,0,0,0,1,1,0,1,2
0,1,0,1,1,0,0,0,1,0,0,0,1,1
0,1,0,1,1,0,0,0,1,0,1,0,0,1
0,1,0,1,1,0,0,0,1,0,1,0,1,5
0,1,0,1,1,0,0,0,1,0,2,0,1,1
0,1,0,1,1,0,0,0,1,0,2,0,2,1
0,1,0,1,1,0,0,0,1,1,1,0,1,1
0,1,0,1,1,0,0,1,0,0,0,0,0,1
0,1,0,1,1,0,0,1,0,0,1,0,0,5
0,1,0,1,1,0,0,1,1,0,0,0,1,3
0,1,0,1,1,0,0,1,1,0,1,0,0,2
0,1,0,1,1,0,0,1,1,0,1,0,1,6
0,1,0,1,1,0,0,1,1,0,1,1,1,1
0,1,0,1,1,0,0,1,1,0,2,0,1,1
0,1,0,1,1,0,0,1,1,1,1,0,1,1
0,1,0,1,1,0,0,1,1,1,1,0,2,1
0,1,0,1,1,0,0,1,2,1,2,0,2,1
0,1,0,1,1,0,0,2,0,0,1,0,1,1
0,1,0,1,1,0,1,0,0,0,1,0,1,1
0,1,0,1,1,0,1,0,0,0,1,1,1,1
0,1,0,1,1,0,1,0,1,0,1,0,1,1
0,1,0,1,1,0,1,0,1,1,1,0,1,1
0,1,0,1,1,0,1,1,0,0,1,0,1,2
0,1,0,1,1,0,1,1,1,0,1,0,1,2
0,1,0,1,1,0,1,1,1,0,2,0,2,1
0,1,0,1,1,0,1,1,1,1,0,0,1,1
0,1,0,1,1,0,1,1,1,1,0,0,2,2
0,1,0,1,1,0,1,1,1,1,1,0,0,1
0,1,0,1,1,0,1,1,1,1,1,0,1,1
0,1,0,1,1,0,1,1,1,1,2,0,2,1
0,1,0,1,1,0,1,2,2,1,1,0,2,1
0,1,0,1,1,1,0,0,0,0,0,0,0,1
0,1,0,1,1,1,0,0,0,0,1,0,0,2
0,1,0,1,1,1,0,0,0,0,1,0,1,1
0,1,0,1,1,1,0,0,0,0,1,1,1,1
0,1,0,1,1,1,0,0,1,0,1,0,0,1
0,1,0,1,1,1,0,0,1,0,1,0,1,1
0,1,0,1,1,1,0,1,0,0,1,0,1,2
0,1,0,1,1,1,0,1,1,0,1,0,1,2
0,1,0,1,1,1,1,0,0,0,0,0,1,1
0,1,0,1,1,1,1,0,0,0,1,0,0,2
0,1,0,1,1,1,1,0,0,0,1,0,1,3
0,1,0,1,1,1,1,0,1,0,0,0,1,1
0,1,0,1,1,1,1,0,1,0,1,0,1,2
0,1,0,1,1,1,1,0,1,1,1,0,0,1
0,1,0,1,1,1,1,1,1,0,0,1,0,1
0,1,0,1,1,1,1,1,1,0,1,0,0,2
0,1,0,1,1,1,1,1,1,0,1,0,1,1
0,1,0,1,1,1,1,1,1,0,2,0,1,1
0,1,0,1,1,1,1,1,1,1,0,0,1,1
0,1,0,1,1,1,1,1,1,1,1,0,1,3
0,1,0,1,1,1,1,1,1,1,1,0,2,1
0,1,0,1,1,1,1,1,1,1,2,0,2,1
0,1,0,1,1,2,1,0,1,0,0,0,1,1
0,1,0,1,1,2,2,0,0,0,1,0,1,1
0,1,0,1,2,0,0,0,0,0,1,0,0,1
0,1,0,1,2,0,0,0,1,0,1,0,0,1
0,1,0,1,2,0,0,0,1,0,1,0,1,1
0,1,0,1,2,0,0,0,1,0,2,0,2,1
0,1,0,1,2,0,0,0,2,0,1,0,2,1
0,1,0,1,2,0,0,1,0,0,1,0,1,1
0,1,0,1,2,0,0,1,1,0,1,0,1,1
0,1,0,1,2,0,0,1,1,0,2,0,2,1
0,1,0,1,2,0,0,1,1,1,1,0,1,2
0,1,0,1,2,0,0,1,2,0,0,0,2,1
0,1,0,1,2,0,0,1,2,0,2,0,2,1
0,1,0,1,2,0,1,0,1,2,2,0,1,1
0,1,0,1,2,0,1,1,1,1,1,0,0,1
0,1,0,1,2,0,1,1,1,1,1,0,2,1
0,1,0,1,2,0,1,2,2,1,2,0,2,1
0,1,0,1,2,0,2,0,1,0,2,1,1,1
0,1,0,1,2,1,0,1,0,0,1,0,1,1
0,1,0,1,2,1,0,1,1,0,1,0,1,1
0,1,0,1,2,1,1,0,0,1,1,1,1,1
0,1,0,1,2,1,1,1,1,0,1,0,2,1
0,1,0,1,2,1,1,1,1,0,2,0,1,1
0,1,0,1,2,1,1,1,1,0,2,0,2,1
0,1,0,1,2,1,1,1,1,1,1,0,2,1
0,1,0,1,2,1,1,2,2,1,2,0,2,1
0,1,0,2,0,0,0,0,1,0,1,0,2,1
0,1,0,2,0,1,1,0,1,0,2,0,2,1
0,1,0,2,1,0,0,0,2,0,0,0,2,1
0,1,0,2,1,0,1,0,1,1,1,0,1,1
0,1,0,2,1,0,1,2,2,0,2,0,2,1
0,1,0,2,1,1,1,0,1,1,1,0,2,1
0,1,0,2,2,0,0,1,1,0,0,0,0,1
0,1,0,2,2,0,0,1,2,0,2,0,2,1
0,1,0,2,2,0,1,1,1,1,2,0,2,1
0,1,0,2,2,1,2,0,1,1,2,0,0,1
0,1,1,0,0,0,0,0,0,0,0,0,0,2
0,1,1,0,0,0,0,0,0,0,0,0,1,1
0,1,1,0,0,0,0,0,0,0,1,0,0,2
0,1,1,0,0,0,0,0,0,0,1,0,1,2
0,1,1,0,0,0,0,0,0,0,2,1,0,1
0,1,1,0,0,0,0,0,1,0,0,0,0,1
0,1,1,0,0,0,0,0,1,0,0,0,1,2
0,1,1,0,0,0,0,0,1,0,1,0,0,1
0,1,1,0,0,0,0,0,1,0,1,0,1,4
0,1,1,0,0,0,0,0,1,0,2,0,0,1
0,1,1,0,0,0,0,0,2,0,0,0,0,1
0,1,1,0,0,0,0,0,2,0,1,0,1,1
0,1,1,0,0,0,0,1,0,0,0,0,1,2
0,1,1,0,0,0,0,1,0,0,0,1,1,1
0,1,1,0,0,0,0,1,1,0,0,0,0,1
0,1,1,0,0,0,0,1,1,0,0,0,1,1
0,1,1,0,0,0,0,1,2,0,1,0,1,1
0,1,1,0,0,0,0,1,2,0,2,0,1,1
0,1,1,0,0,0,1,2,1,0,2,0,2,1
0,1,1,0,0,1,0,0,1,0,1,0,1,1
0,1,1,0,0,1,0,1,0,0,1,0,1,1
0,1,1,0,0,1,0,1,2,0,1,0,1,1
0,1,1,0,0,1,1,1,1,0,1,0,1,2
0,1,1,0,1,0,0,0,0,0,1,0,0,1
0,1,1,0,1,0,0,0,0,0,1,0,1,1
0,1,1,0,1,0,0,0,0,0,2,0,2,1
0,1,1,0,1,0,0,0,1,0,0,0,0,1
0,1,1,0,1,0,0,0,1,0,0,0,1,1
0,1,1,0,1,0,0,0,1,0,1,0,1,1
0,1,1,0,1,0,0,0,1,0,2,0,1,1
0,1,1,0,1,0,0,1,1,0,0,0,1,1
0,1,1,0,1,0,0,1,1,0,1,0,0,2
0,1,1,0,1,0,0,1,1,0,1,0,1,2
0,1,1,0,1,0,0,1,1,0,2,0,1,1
0,1,1,0,1,0,0,1,1,1,1,0,1,1
0,1,1,0,1,0,0,2,2,0,1,0,1,1
0,1,1,0,1,0,1,0,0,0,1,0,0,1
0,1,1,0,1,0,1,1,1,0,1,0,1,2
0,1,1,0,1,0,2,0,0,0,2,0,1,1
0,1,1,0,1,1,0,1,1,0,1,0,1,1
0,1,1,0,1,1,1,0,1,0,0,0,2,1
0,1,1,0,1,1,1,0,1,0,1,0,1,1
0,1,1,0,1,1,1,0,1,0,1,0,2,1
0,1,1,0,1,1,1,1,1,0,1,0,1,1
0,1,1,0,1,1,1,1,1,0,1,1,1,1
0,1,1,0,1,1,1,1,1,1,1,0,2,1
0,1,1,0,1,1,2,1,1,0,2,0,1,1
0,1,1,0,2,0,0,1,0,0,0,0,1,1
0,1,1,0,2,0,0,1,2,0,0,0,2,1
0,1,1,0,2,0,1,2,1,0,2,0,2,1
0,1,1,0,2,0,1,2,1,1,2,0,1,1
0,1,1,0,2,0,2,1,2,1,2,0,0,1
0,1,1,1,0,0,0,0,0,0,0,0,1,1
0,1,1,1,0,0,0,0,0,0,1,0,0,1
0,1,1,1,0,0,0,0,0,0,2,0,1,1
0,1,1,1,0,0,0,0,1,0,0,0,1,1
0,1,1,1,0,0,0,0,1,0,1,0,1,1
0,1,1,1,0,0,0,1,0,0,1,0,1,1
0,1,1,1,0,0,0,1,1,0,1,0,0,1
0,1,1,1,0,0,0,1,1,0,1,0,1,1
0,1,1,1,0,0,0,1,1,0,2,0,2,1
0,1,1,1,0,0,0,2,1,0,2,0,1,1
0,1,1,1,0,0,1,1,1,0,2,0,2,1
0,1,1,1,0,1,0,0,1,1,1,0,1,1
0,1,1,1,1,0,0,0,0,0,1,0,1,1
0,1,1,1,1,0,0,0,1,0,0,0,0,1
0,1,1,1,1,0,0,0,2,1,1,0,2,1
0,1,1,1,1,0,0,1,0,0,1,0,1,1
0,1,1,1,1,0,0,1,1,0,1,0,1,2
0,1,1,1,1,0,0,1,1,1,1,0,1,1
0,1,1,1,1,0,1,0,1,0,1,0,0,1
0,1,1,1,1,0,1,0,1,0,1,0,1,1
0,1,1,1,1,0,1,1,1,1,1,0,1,1
0,1,1,1,1,0,1,1,2,0,2,0,2,1
0,1,1,1,1,0,1,2,1,0,2,0,2,1
0,1,1,1,1,0,1,2,2,1,2,0,1,1
0,1,1,1,1,1,0,1,1,0,1,0,0,1
0,1,1,1,1,1,0,1,1,1,1,0,1,1
0,1,1,1,1,1,1,0,0,0,0,0,0,1
0,1,1,1,1,1,1,0,0,1,2,1,1,1
0,1,1,1,1,1,1,0,1,0,2,0,1,1
0,1,1,1,1,1,1,0,1,1,0,0,1,1
0,1,1,1,1,1,1,1,0,0,2,0,1,1
0,1,1,1,1,1,1,1,1,0,1,1,1,1
0,1,1,1,1,1,1,1,1,1,0,0,0,1
0,1,1,1,1,1,1,1,1,1,1,0,2,1
0,1,1,1,1,1,1,2,1,1,1,0,1,1
0,1,1,1,2,0,0,0,1,0,1,0,1,1
0,1,1,1,2,0,1,0,0,2,2,0,1,1
0,1,1,1,2,0,1,1,1,0,2,0,2,1
0,1,1,1,2,0,1,1,1,1,1,0,1,1
0,1,1,1,2,1,0,1,0,0,1,0,1,1
0,1,1,1,2,1,1,0,1,0,2,0,1,1
0,1,1,1,2,1,1,1,1,1,1,0,2,1
0,1,1,1,2,1,2,1,1,0,1,1,2,1
0,1,1,1,2,2,1,1,2,0,1,2,2,1
0,1,1,2,0,0,2,2,2,1,2,0,2,1
0,1,1,2,2,0,1,1,2,2,2,0,2,1
0,1,1,2,2,1,2,0,2,2,1,0,2,1
0,1,2,0,0,1,0,1,1,0,2,0,1,1
0,1,2,0,0,2,2,0,1,0,1,0,1,1
0,1,2,0,1,0,0,0,0,0,0,0,0,1
0,1,2,0,1,0,0,1,1,0,2,0,2,1
0,1,2,1,0,0,0,0,1,0,1,1,2,1
0,1,2,1,2,1,1,2,2,0,2,0,2,1
0,1,2,2,1,1,2,0,1,1,2,1,1,1
0,2,0,0,0,0,0,0,0,0,0,0,0,7
0,2,0,0,0,0,0,0,0,0,0,0,1,4
0,2,0,0,0,0,0,0,0,0,1,0,0,4
0,2,0,0,0,0,0,0,0,0,1,0,1,1
0,2,0,0,0,0,0,0,0,0,1,0,2,1
0,2,0,0,0,0,0,0,0,0,1,1,0,1
0,2,0,0,0,0,0,0,0,0,2,0,0,1
0,2,0,0,0,0,0,0,1,0,0,0,0,3
0,2,0,0,0,0,0,0,1,0,0,0,1,1
0,2,0,0,0,0,0,0,1,0,1,0,0,1
0,2,0,0,0,0,0,0,1,0,1,0,1,1
0,2,0,0,0,0,0,0,1,1,1,0,1,1
0,2,0,0,0,0,0,1,0,0,1,0,0,1
0,2,0,0,0,0,0,1,1,0,0,0,1,3
0,2,0,0,0,0,0,1,1,0,1,0,0,2
0,2,0,0,0,0,0,1,1,0,2,0,0,1
0,2,0,0,0,0,0,1,1,0,2,0,1,1
0,2,0,0,0,0,0,1,1,1,0,0,1,1
0,2,0,0,0,0,0,1,1,1,1,0,2,1
0,2,0,0,0,0,0,1,2,0,1,0,2,1
0,2,0,0,0,0,0,2,0,0,0,0,1,1
0,2,0,0,0,0,0,2,0,0,1,0,0,1
0,2,0,0,0,0,0,2,1,0,1,0,0,1
0,2,0,0,0,0,1,0,0,0,2,0,0,1
0,2,0,0,0,0,1,0,1,0,1,0,0,1
0,2,0,0,0,0,1,1,1,2,2,1,2,1
0,2,0,0,0,0,1,1,2,0,1,0,1,1
0,2,0,0,0,0,1,2,2,0,0,0,2,1
0,2,0,0,0,0,1,2,2,0,1,0,2,1
0,2,0,0,0,1,0,0,0,0,0,0,0,1
0,2,0,0,0,1,0,1,0,0,0,0,0,1
0,2,0,0,0,1,0,1,0,0,2,0,1,1
0,2,0,0,0,1,0,1,2,0,1,0,1,1
0,2,0,0,0,1,0,2,2,0,2,0,2,1
0,2,0,0,0,1,0,2,2,1,0,0,1,1
0,2,0,0,0,1,0,2,2,1,1,0,2,1
0,2,0,0,0,1,1,0,1,0,1,0,1,1
0,2,0,0,0,1,1,1,1,0,1,0,0,1
0,2,0,0,0,1,1,2,1,0,1,1,1,1
0,2,0,0,0,1,2,0,1,0,0,0,2,1
0,2,0,0,0,2,1,0,0,0,0,0,0,1
0,2,0,0,1,0,0,0,0,0,0,0,0,2
0,2,0,0,1,0,0,0,0,0,0,0,1,1
0,2,0,0,1,0,0,0,0,0,1,0,0,1
0,2,0,0,1,0,0,0,0,1,1,0,1,1
0,2,0,0,1,0,0,0,1,0,1,0,0,1
0,2,0,0,1,0,0,0,1,0,1,0,1,1
0,2,0,0,1,0,0,0,1,1,1,0,0,1
0,2,0,0,1,0,0,0,1,1,1,0,1,1
0,2,0,0,1,0,0,1,0,0,0,0,0,2
0,2,0,0,1,0,0,1,1,0,0,0,2,1
0,2,0,0,1,0,0,1,1,0,1,0,1,2
0,2,0,0,1,0,0,1,1,0,1,0,2,1
0,2,0,0,1,0,0,1,1,1,2,0,1,1
0,2,0,0,1,0,0,1,2,0,1,0,0,1
0,2,0,0,1,0,0,1,2,0,1,0,2,1
0,2,0,0,1,0,0,2,2,0,0,0,2,1
0,2,0,0,1,0,1,0,0,0,1,0,0,1
0,2,0,0,1,0,1,1,1,0,2,0,2,1
0,2,0,0,1,0,1,1,1,1,1,0,1,1
0,2,0,0,1,0,1,2,2,2,2,0,2,1
0,2,0,0,1,1,0,0,1,0,2,0,2,1
0,2,0,0,1,1,0,1,0,1,1,0,1,1
0,2,0,0,1,1,1,0,0,0,2,0,1,1
0,2,0,0,1,1,1,2,2,0,1,0,1,1
0,2,0,0,1,2,1,1,1,1,2,0,2,1
0,2,0,0,1,2,2,0,1,0,2,1,2,1
0,2,0,0,2,0,0,0,0,0,1,0,0,1
0,2,0,0,2,0,0,0,2,0,0,0,0,1
0,2,0,0,2,0,1,1,1,0,1,0,1,1
0,2,0,0,2,0,1,1,2,1,2,0,1,1
0,2,0,0,2,0,1,1,2,1,2,0,2,1
0,2,0,0,2,0,2,1,2,0,2,0,2,1
0,2,0,0,2,1,1,0,0,0,2,0,1,1
0,2,0,1,0,0,0,0,1,0,1,0,0,1
0,2,0,1,0,0,0,0,1,0,2,0,0,1
0,2,0,1,0,0,0,1,0,0,1,0,0,1
0,2,0,1,0,0,0,1,1,0,1,0,1,2
0,2,0,1,0,0,0,1,2,0,1,0,1,1
0,2,0,1,0,0,0,2,1,1,0,0,0,1
0,2,0,1,0,1,0,0,0,0,2,0,2,1
0,2,0,1,0,1,1,1,0,0,2,0,0,1
0,2,0,1,0,1,1,2,2,1,1,0,2,1
0,2,0,1,1,0,0,1,1,0,1,0,1,1
0,2,0,1,1,0,0,1,1,1,2,0,2,1
0,2,0,1,1,0,0,1,2,1,1,0,0,1
0,2,0,1,1,0,1,1,2,1,2,0,2,1
0,2,0,1,1,1,1,1,1,0,0,0,1,1
0,2,0,1,1,1,1,2,2,1,2,1,0,1
0,2,0,1,2,0,0,1,1,0,1,0,1,1
0,2,0,1,2,0,1,1,1,1,2,0,2,1
0,2,0,1,2,1,1,1,2,2,2,0,2,1
0,2,0,1,2,1,1,2,2,1,2,1,2,1
0,2,0,2,0,1,1,2,2,0,2,1,2,1
0,2,0,2,1,0,0,1,1,1,2,0,1,1
0,2,0,2,2,0,0,1,1,1,0,0,1,1
0,2,0,2,2,0,0,2,2,0,1,0,2,1
0,2,0,2,2,2,2,2,2,1,2,1,2,1
0,2,1,0,0,0,0,1,0,0,0,0,0,1
0,2,1,0,0,0,1,0,1,0,2,1,0,1
0,2,1,0,1,0,0,1,1,0,1,0,0,1
0,2,1,0,1,0,1,0,1,0,1,0,0,1
0,2,1,0,1,0,1,1,1,1,2,0,2,1
0,2,1,0,1,1,0,1,1,0,2,0,1,1
0,2,1,0,2,0,0,0,2,0,1,0,2,1
0,2,1,0,2,0,1,1,1,0,1,0,0,1
0,2,1,0,2,1,0,1,1,0,1,0,0,1
0,2,1,1,1,0,0,1,1,0,1,0,1,1
0,2,1,1,1,0,1,0,1,1,1,0,1,1
0,2,1,1,1,0,1,1,1,1,2,1,2,1
0,2,1,1,1,0,2,0,2,2,2,1,2,1
0,2,1,1,1,1,2,1,1,0,2,1,1,1
0,2,1,1,2,1,1,1,2,0,2,0,1,1
0,2,1,1,2,1,1,2,2,0,2,0,2,1
0,2,1,2,1,1,0,0,1,0,1,0,0,1
0,2,1,2,2,0,1,2,2,2,1,0,2,1
0,2,1,2,2,1,1,1,1,1,1,1,1,1
0,2,1,2,2,1,1,2,1,2,2,0,0,1
0,2,2,0,1,0,0,1,0,0,2,0,1,1
0,2,2,0,1,0,1,1,2,0,1,0,0,1
0,2,2,1,1,0,0,0,0,0,0,0,0,1
0,2,2,1,1,0,0,1,2,0,1,0,2,1
0,2,2,2,1,1,2,0,2,2,2,0,2,1
0,2,2,2,2,1,1,2,2,1,2,1,2,1
1,0,0,0,0,0,0,0,0,0,0,0,0,127
1,0,0,0,0,0,0,0,0,0,0,0,1,23
1,0,0,0,0,0,0,0,0,0,0,1,0,1
1,0,0,0,0,0,0,0,0,0,0,1,1,1
1,0,0,0,0,0,0,0,0,0,1,0,0,54
1,0,0,0,0,0,0,0,0,0,1,0,1,18
1,0,0,0,0,0,0,0,0,0,1,0,2,1
1,0,0,0,0,0,0,0,0,0,2,0,0,8
1,0,0,0,0,0,0,0,0,0,2,0,1,7
1,0,0,0,0,0,0,0,0,1,0,0,1,2
1,0,0,0,0,0,0,0,0,1,1,0,0,2
1,0,0,0,0,0,0,0,0,1,1,0,1,2
1,0,0,0,0,0,0,0,0,2,1,0,1,1
1,0,0,0,0,0,0,0,1,0,0,0,0,6
1,0,0,0,0,0,0,0,1,0,0,0,1,6
1,0,0,0,0,0,0,0,1,0,0,1,1,1
1,0,0,0,0,0,0,0,1,0,1,0,0,9
1,0,0,0,0,0,0,0,1,0,1,0,1,9
1,0,0,0,0,0,0,0,1,0,2,0,1,2
1,0,0,0,0,0,0,0,1,1,1,0,1,2
1,0,0,0,0,0,0,0,1,1,2,0,0,1
1,0,0,0,0,0,0,0,2,0,0,0,2,1
1,0,0,0,0,0,0,0,2,0,1,0,0,1
1,0,0,0,0,0,0,1,0,0,0,0,0,13
1,0,0,0,0,0,0,1,0,0,0,0,2,1
1,0,0,0,0,0,0,1,0,0,1,0,0,7
1,0,0,0,0,0,0,1,0,0,1,0,1,8
1,0,0,0,0,0,0,1,0,0,2,0,0,1
1,0,0,0,0,0,0,1,1,0,0,0,0,4
1,0,0,0,0,0,0,1,1,0,0,0,1,2
1,0,0,0,0,0,0,1,1,0,1,0,0,5
1,0,0,0,0,0,0,1,1,0,1,0,1,10
1,0,0,0,0,0,0,1,1,0,2,0,0,2
1,0,0,0,0,0,0,1,1,1,1,0,1,2
1,0,0,0,0,0,0,1,1,1,1,1,1,1
1,0,0,0,0,0,0,1,2,1,2,0,1,1
1,0,0,0,0,0,0,2,0,0,0,0,0,1
1,0,0,0,0,0,0,2,0,0,0,0,1,1
1,0,0,0,0,0,0,2,1,0,1,0,0,1
1,0,0,0,0,0,0,2,1,0,1,0,1,1
1,0,0,0,0,0,1,0,0,0,0,0,0,3
1,0,0,0,0,0,1,0,0,0,1,0,0,1
1,0,0,0,0,0,1,0,0,0,1,0,1,3
1,0,0,0,0,0,1,0,0,0,2,0,1,1
1,0,0,0,0,0,1,0,0,1,2,0,1,1
1,0,0,0,0,0,1,0,1,0,1,0,0,1
1,0,0,0,0,0,1,0,1,0,1,0,1,1
1,0,0,0,0,0,1,0,1,0,2,0,1,1
1,0,0,0,0,0,1,1,0,0,1,0,0,2
1,0,0,0,0,0,1,1,0,0,1,0,1,2
1,0,0,0,0,0,1,1,0,0,1,1,0,1
1,0,0,0,0,0,1,1,1,0,1,0,1,2
1,0,0,0,0,0,1,1,1,0,1,0,2,1
1,0,0,0,0,0,1,1,1,0,2,0,1,1
1,0,0,0,0,0,1,1,1,1,2,0,1,1
1,0,0,0,0,0,1,2,0,0,0,0,1,1
1,0,0,0,0,0,1,2,1,0,0,0,1,1
1,0,0,0,0,0,2,1,1,1,2,0,1,1
1,0,0,0,0,1,0,0,0,0,0,0,0,11
1,0,0,0,0,1,0,0,0,0,0,0,1,4
1,0,0,0,0,1,0,0,0,0,1,0,0,11
1,0,0,0,0,1,0,0,0,0,1,0,1,3
1,0,0,0,0,1,0,0,0,0,1,1,1,1
1,0,0,0,0,1,0,0,0,1,0,0,1,1
1,0,0,0,0,1,0,0,0,1,1,0,1,1
1,0,0,0,0,1,0,1,0,0,0,0,0,3
1,0,0,0,0,1,0,1,0,0,0,0,1,1
1,0,0,0,0,1,0,1,0,0,1,0,0,1
1,0,0,0,0,1,0,1,1,0,0,0,0,3
1,0,0,0,0,1,0,1,1,0,0,0,1,2
1,0,0,0,0,1,0,1,1,0,1,0,1,8
1,0,0,0,0,1,0,1,1,1,0,1,1,1
1,0,0,0,0,1,0,1,1,1,1,0,1,1
1,0,0,0,0,1,0,1,2,2,1,0,1,1
1,0,0,0,0,1,0,2,0,0,0,0,1,1
1,0,0,0,0,1,0,2,1,0,2,0,2,1
1,0,0,0,0,1,1,0,0,0,0,0,0,2
1,0,0,0,0,1,1,0,0,0,1,0,0,5
1,0,0,0,0,1,1,0,0,0,1,0,1,3
1,0,0,0,0,1,1,0,0,0,1,1,0,1
1,0,0,0,0,1,1,0,0,0,2,0,1,4
1,0,0,0,0,1,1,0,1,0,1,0,1,1
1,0,0,0,0,1,1,0,2,0,1,1,1,1
1,0,0,0,0,1,1,1,0,0,0,0,0,2
1,0,0,0,0,1,1,1,0,0,1,0,1,2
1,0,0,0,0,1,1,1,1,0,1,0,1,1
1,0,0,0,0,1,1,1,1,0,1,1,0,1
1,0,0,0,0,1,1,1,1,0,2,0,1,1
1,0,0,0,0,1,1,1,1,1,1,0,1,1
1,0,0,0,0,1,1,2,2,0,2,0,1,1
1,0,0,0,0,2,1,0,1,0,0,0,2,1
1,0,0,0,0,2,1,1,0,0,1,0,0,1
1,0,0,0,0,2,1,1,0,0,1,1,1,1
1,0,0,0,0,2,1,1,1,0,0,0,1,1
1,0,0,0,1,0,0,0,0,0,0,0,0,14
1,0,0,0,1,0,0,0,0,0,0,0,1,4
1,0,0,0,1,0,0,0,0,0,0,1,0,1
1,0,0,0,1,0,0,0,0,0,1,0,0,11
1,0,0,0,1,0,0,0,0,0,1,0,1,11
1,0,0,0,1,0,0,0,0,0,1,0,2,1
1,0,0,0,1,0,0,0,0,0,2,0,0,4
1,0,0,0,1,0,0,0,0,0,2,0,1,1
1,0,0,0,1,0,0,0,0,1,1,0,0,2
1,0,0,0,1,0,0,0,0,2,1,0,0,1
1,0,0,0,1,0,0,0,1,0,0,0,0,1
1,0,0,0,1,0,0,0,1,0,0,0,1,1
1,0,0,0,1,0,0,0,1,0,1,0,1,5
1,0,0,0,1,0,0,0,1,0,2,0,1,1
1,0,0,0,1,0,0,0,1,1,0,0,1,1
1,0,0,0,1,0,0,0,1,1,1,0,1,2
1,0,0,0,1,0,0,1,0,0,0,0,1,1
1,0,0,0,1,0,0,1,0,0,1,0,0,5
1,0,0,0,1,0,0,1,0,0,1,0,1,4
1,0,0,0,1,0,0,1,0,1,0,0,0,1
1,0,0,0,1,0,0,1,0,1,1,0,1,1
1,0,0,0,1,0,0,1,0,2,1,0,1,1
1,0,0,0,1,0,0,1,1,0,0,0,1,1
1,0,0,0,1,0,0,1,1,0,0,0,2,1
1,0,0,0,1,0,0,1,1,0,1,0,1,4
1,0,0,0,1,0,0,1,1,0,1,0,2,1
1,0,0,0,1,0,0,1,1,1,0,0,0,1
1,0,0,0,1,0,0,1,2,0,0,0,1,1
1,0,0,0,1,0,0,1,2,0,2,0,1,1
1,0,0,0,1,0,0,2,0,0,1,0,1,1
1,0,0,0,1,0,0,2,1,0,1,0,2,1
1,0,0,0,1,0,1,0,0,0,0,0,0,2
1,0,0,0,1,0,1,0,0,0,0,0,2,1
1,0,0,0,1,0,1,0,0,0,1,0,1,3
1,0,0,0,1,0,1,0,1,0,1,0,1,4
1,0,0,0,1,0,1,0,1,0,2,0,1,2
1,0,0,0,1,0,1,0,1,1,0,0,1,1
1,0,0,0,1,0,1,0,1,1,1,0,1,1
1,0,0,0,1,0,1,1,0,0,0,0,1,1
1,0,0,0,1,0,1,1,0,0,1,0,1,1
1,0,0,0,1,0,1,1,0,0,2,1,1,1
1,0,0,0,1,0,1,1,1,0,1,0,1,3
1,0,0,0,1,0,1,1,1,1,1,0,1,3
1,0,0,0,1,0,1,1,1,1,2,0,2,1
1,0,0,0,1,0,2,1,0,0,2,0,1,1
1,0,0,0,1,1,0,0,0,0,0,0,0,7
1,0,0,0,1,1,0,0,0,0,0,0,1,1
1,0,0,0,1,1,0,0,0,0,1,0,0,2
1,0,0,0,1,1,0,0,0,0,1,0,1,6
1,0,0,0,1,1,0,0,0,1,1,0,1,1
1,0,0,0,1,1,0,0,1,0,1,0,0,1
1,0,0,0,1,1,0,0,1,0,1,0,1,2
1,0,0,0,1,1,0,0,1,0,2,0,0,1
1,0,0,0,1,1,0,0,1,0,2,0,2,1
1,0,0,0,1,1,0,0,1,1,1,0,1,2
1,0,0,0,1,1,0,0,2,0,2,0,0,1
1,0,0,0,1,1,0,1,0,0,0,0,0,1
1,0,0,0,1,1,0,1,0,0,1,0,0,2
1,0,0,0,1,1,0,1,0,0,1,0,1,2
1,0,0,0,1,1,0,1,0,0,1,0,2,1
1,0,0,0,1,1,0,1,0,0,2,0,1,1
1,0,0,0,1,1,0,1,0,0,2,0,2,1
1,0,0,0,1,1,0,2,0,0,0,0,1,1
1,0,0,0,1,1,0,2,1,0,1,1,1,1
1,0,0,0,1,1,1,0,0,0,0,0,0,1
1,0,0,0,1,1,1,0,0,0,1,0,0,1
1,0,0,0,1,1,1,0,0,0,1,0,1,3
1,0,0,0,1,1,1,0,1,0,0,0,2,1
1,0,0,0,1,1,1,0,1,0,1,0,0,1
1,0,0,0,1,1,1,0,1,0,1,0,1,1
1,0,0,0,1,1,1,0,1,0,2,0,1,1
1,0,0,0,1,1,1,0,1,1,1,0,1,1
1,0,0,0,1,1,1,0,1,2,2,0,1,1
1,0,0,0,1,1,1,1,0,0,1,1,1,1
1,0,0,0,1,1,1,1,0,0,2,0,1,1
1,0,0,0,1,1,1,1,0,0,2,1,1,1
1,0,0,0,1,1,1,1,1,0,1,0,0,1
1,0,0,0,1,1,1,1,1,0,1,0,1,2
1,0,0,0,1,1,1,1,1,0,2,0,1,1
1,0,0,0,1,1,1,1,1,1,1,0,1,1
1,0,0,0,1,1,1,2,1,0,1,0,2,1
1,0,0,0,1,1,1,2,2,0,1,0,2,1
1,0,0,0,1,1,1,2,2,1,2,0,2,1
1,0,0,0,1,2,0,1,0,0,1,0,1,1
1,0,0,0,1,2,1,0,0,0,0,1,0,1
1,0,0,0,1,2,1,0,0,0,1,0,0,1
1,0,0,0,1,2,1,0,0,0,1,0,1,1
1,0,0,0,1,2,1,1,0,0,0,0,1,1
1,0,0,0,1,2,1,1,0,1,2,0,1,1
1,0,0,0,1,2,1,2,1,0,1,0,1,1
1,0,0,0,2,0,0,0,0,0,0,0,0,1
1,0,0,0,2,0,0,0,0,0,1,0,1,2
1,0,0,0,2,0,0,0,1,0,2,0,0,1
1,0,0,0,2,0,0,0,1,0,2,0,1,1
1,0,0,0,2,0,0,1,0,0,1,0,1,1
1,0,0,0,2,0,0,1,1,0,1,0,0,1
1,0,0,0,2,0,0,1,1,1,1,0,1,1
1,0,0,0,2,0,0,1,1,1,1,0,2,1
1,0,0,0,2,0,1,0,0,0,1,0,2,1
1,0,0,0,2,0,1,0,1,1,2,0,2,1
1,0,0,0,2,0,1,1,1,0,2,0,1,1
1,0,0,0,2,0,1,1,1,0,2,0,2,1
1,0,0,0,2,1,0,0,0,0,0,0,2,1
1,0,0,0,2,1,0,1,0,0,1,0,1,1
1,0,0,0,2,1,0,1,1,0,1,0,0,1
1,0,0,0,2,1,0,1,1,0,1,0,1,2
1,0,0,0,2,1,0,1,1,0,1,0,2,1
1,0,0,0,2,1,0,2,0,1,2,0,0,1
1,0,0,0,2,1,0,2,2,0,1,0,0,1
1,0,0,0,2,1,1,0,0,0,1,0,1,1
1,0,0,0,2,1,1,1,1,0,1,0,1,1
1,0,0,0,2,1,1,2,0,0,1,0,0,1
1,0,0,0,2,2,1,0,0,0,0,0,2,1
1,0,0,0,2,2,2,0,0,1,0,0,0,1
1,0,0,1,0,0,0,0,0,0,1,0,0,2
1,0,0,1,0,0,0,0,0,0,1,0,1,1
1,0,0,1,0,0,0,0,0,1,1,0,1,1
1,0,0,1,0,0,0,1,0,0,1,0,0,2
1,0,0,1,0,0,0,1,0,1,0,0,1,1
1,0,0,1,0,0,0,1,0,1,1,0,0,1
1,0,0,1,0,0,1,0,0,0,0,1,1,1
1,0,0,1,0,0,1,0,1,0,0,0,0,1
1,0,0,1,0,0,1,0,1,0,1,1,1,1
1,0,0,1,0,1,0,0,1,0,2,0,1,1
1,0,0,1,0,1,0,1,0,0,1,0,1,2
1,0,0,1,0,1,1,0,0,0,0,0,0,1
1,0,0,1,0,1,1,0,0,1,1,1,1,1
1,0,0,1,0,1,1,1,0,0,1,0,1,1
1,0,0,1,0,1,1,1,1,0,0,0,1,1
1,0,0,1,0,1,1,1,1,1,1,0,1,1
1,0,0,1,0,2,0,1,1,0,1,1,1,1
1,0,0,1,1,0,0,0,0,0,0,0,0,1
1,0,0,1,1,0,0,0,0,0,0,0,2,1
1,0,0,1,1,0,0,0,0,0,1,0,0,1
1,0,0,1,1,0,0,0,0,0,1,0,1,1
1,0,0,1,1,0,0,0,0,0,1,0,2,1
1,0,0,1,1,0,0,0,0,0,2,1,0,1
1,0,0,1,1,0,0,0,0,1,0,0,1,1
1,0,0,1,1,0,0,0,1,1,1,0,1,1
1,0,0,1,1,0,0,1,0,0,0,0,1,1
1,0,0,1,1,0,0,1,0,0,2,0,0,1
1,0,0,1,1,0,0,1,0,1,1,0,1,1
1,0,0,1,1,0,0,1,0,2,0,0,1,1
1,0,0,1,1,0,0,1,1,1,0,0,1,1
1,0,0,1,1,0,0,1,1,1,0,0,2,1
1,0,0,1,1,0,0,1,1,1,1,0,1,2
1,0,0,1,1,0,0,2,1,0,1,0,1,1
1,0,0,1,1,0,0,2,1,1,0,0,1,1
1,0,0,1,1,0,1,0,0,0,1,0,1,1
1,0,0,1,1,0,1,0,0,1,1,0,1,1
1,0,0,1,1,0,1,0,1,0,1,0,0,1
1,0,0,1,1,0,1,1,1,0,1,0,1,1
1,0,0,1,1,0,1,1,1,0,1,0,2,1
1,0,0,1,1,0,1,1,1,1,2,0,2,1
1,0,0,1,1,0,1,2,2,1,1,0,1,1
1,0,0,1,1,1,0,0,0,0,0,0,0,1
1,0,0,1,1,1,0,0,1,0,0,0,1,1
1,0,0,1,1,1,0,1,0,0,1,0,0,1
1,0,0,1,1,1,0,1,0,0,1,0,1,1
1,0,0,1,1,1,0,1,1,1,1,0,0,1
1,0,0,1,1,1,1,0,0,0,0,0,1,1
1,0,0,1,1,1,1,0,0,0,1,0,1,1
1,0,0,1,1,1,1,0,1,0,0,0,1,1
1,0,0,1,1,1,1,0,1,0,1,0,1,1
1,0,0,1,1,1,1,0,2,0,2,0,2,1
1,0,0,1,1,1,1,1,0,0,1,0,0,1
1,0,0,1,1,1,1,1,0,0,1,0,1,1
1,0,0,1,1,1,1,1,1,0,1,0,0,1
1,0,0,1,1,1,1,1,1,0,1,0,1,1
1,0,0,1,1,1,1,1,1,1,1,0,1,1
1,0,0,1,1,1,1,1,2,1,1,0,2,1
1,0,0,1,2,0,0,0,0,0,2,0,0,1
1,0,0,1,2,0,1,1,0,0,2,0,1,1
1,0,0,1,2,0,1,1,1,1,2,0,1,1
1,0,0,1,2,1,1,1,1,1,0,0,1,1
1,0,0,1,2,1,1,1,1,2,1,0,2,1
1,0,0,1,2,1,2,0,0,1,2,0,2,2
1,0,0,2,1,0,0,0,1,2,0,0,0,1
1,0,0,2,1,0,1,1,1,2,1,0,2,1
1,0,0,2,2,1,1,1,1,1,2,0,0,1
1,0,1,0,0,0,0,0,0,0,0,0,0,5
1,0,1,0,0,0,0,0,0,0,1,0,0,1
1,0,1,0,0,0,0,0,0,0,1,1,0,1
1,0,1,0,0,0,0,0,0,0,2,0,0,1
1,0,1,0,0,0,0,0,1,0,0,0,0,1
1,0,1,0,0,0,0,0,1,0,0,1,1,1
1,0,1,0,0,0,0,0,1,0,1,0,0,1
1,0,1,0,0,0,0,0,1,0,1,0,1,1
1,0,1,0,0,0,0,1,0,0,1,0,0,1
1,0,1,0,0,0,0,1,1,0,1,0,1,1
1,0,1,0,0,0,1,0,0,0,1,0,1,1
1,0,1,0,0,0,1,1,1,0,1,0,2,1
1,0,1,0,0,1,0,0,0,0,0,0,1,1
1,0,1,0,0,1,0,0,0,0,1,0,0,2
1,0,1,0,0,1,0,0,1,0,1,0,0,1
1,0,1,0,0,1,0,1,1,0,1,0,1,1
1,0,1,0,0,1,0,2,1,0,1,1,1,1
1,0,1,0,0,1,1,0,0,0,1,0,0,1
1,0,1,0,0,1,1,0,0,0,1,0,1,1
1,0,1,0,0,1,1,0,0,0,1,1,1,1
1,0,1,0,0,1,1,1,1,1,1,0,1,1
1,0,1,0,0,2,2,0,0,0,0,1,2,1
1,0,1,0,1,0,0,0,0,0,0,0,0,2
1,0,1,0,1,0,0,0,0,0,1,0,0,1
1,0,1,0,1,0,0,1,0,0,1,0,1,1
1,0,1,0,1,0,0,1,1,0,2,0,1,1
1,0,1,0,1,0,0,1,1,1,1,0,1,1
1,0,1,0,1,0,0,1,2,0,1,0,1,1
1,0,1,0,1,0,1,1,0,1,1,0,0,1
1,0,1,0,1,0,1,1,1,0,1,0,2,1
1,0,1,0,1,1,0,0,0,0,1,0,0,1
1,0,1,0,1,1,0,0,1,1,1,0,0,1
1,0,1,0,1,1,0,1,1,0,2,0,1,1
1,0,1,0,1,1,1,0,1,0,1,0,2,1
1,0,1,0,1,1,1,0,1,1,0,0,1,1
1,0,1,0,1,1,1,1,0,0,2,0,0,1
1,0,1,0,1,1,1,1,1,0,1,0,1,1
1,0,1,0,1,1,1,1,1,1,1,0,1,1
1,0,1,0,1,1,2,1,1,0,2,0,1,1
1,0,1,0,1,2,2,0,0,0,1,0,0,1
1,0,1,0,2,0,0,1,1,0,1,0,1,1
1,0,1,0,2,0,1,1,1,0,1,0,2,1
1,0,1,0,2,1,1,1,1,0,2,0,2,1
1,0,1,0,2,2,1,1,2,1,2,1,1,1
1,0,1,1,0,0,0,0,0,1,1,0,0,1
1,0,1,1,0,0,0,1,1,1,0,0,1,1
1,0,1,1,0,1,0,1,1,0,2,0,1,1
1,0,1,1,1,0,0,1,1,1,1,0,1,1
1,0,1,1,1,0,0,1,2,1,2,0,2,1
1,0,1,1,1,0,1,0,1,0,1,0,1,1
1,0,1,1,1,1,0,1,2,1,1,0,2,1
1,0,1,1,1,1,1,0,0,0,0,1,1,1
1,0,1,1,1,1,1,0,0,0,2,0,1,1
1,0,1,1,1,1,1,0,0,1,1,0,0,1
1,0,1,1,1,1,1,1,1,0,1,0,1,1
1,0,1,1,1,1,1,1,1,1,2,0,1,1
1,0,1,1,1,1,1,1,2,0,1,0,2,1
1,0,1,1,1,2,2,1,0,0,1,1,0,1
1,0,1,2,1,1,1,2,2,0,2,1,2,1
1,0,1,2,2,1,1,1,0,0,1,0,1,1
1,0,2,0,0,0,1,1,1,0,1,0,1,1
1,0,2,0,1,0,1,1,0,0,1,0,0,1
1,1,0,0,0,0,0,0,0,0,0,0,0,17
1,1,0,0,0,0,0,0,0,0,0,0,1,3
1,1,0,0,0,0,0,0,0,0,1,0,0,12
1,1,0,0,0,0,0,0,0,0,1,0,1,10
1,1,0,0,0,0,0,0,0,0,1,0,2,1
1,1,0,0,0,0,0,0,0,0,2,0,0,5
1,1,0,0,0,0,0,0,0,0,2,0,1,3
1,1,0,0,0,0,0,0,0,0,2,0,2,1
1,1,0,0,0,0,0,0,1,0,0,0,0,4
1,1,0,0,0,0,0,0,1,0,0,0,1,6
1,1,0,0,0,0,0,0,1,0,1,0,0,7
1,1,0,0,0,0,0,0,1,0,1,0,1,3
1,1,0,0,0,0,0,0,1,0,2,0,0,1
1,1,0,0,0,0,0,0,1,1,1,0,1,1
1,1,0,0,0,0,0,0,2,0,1,0,1,1
1,1,0,0,0,0,0,1,0,0,0,0,0,5
1,1,0,0,0,0,0,1,0,0,0,0,1,1
1,1,0,0,0,0,0,1,0,0,1,0,0,4
1,1,0,0,0,0,0,1,0,0,1,0,1,2
1,1,0,0,0,0,0,1,1,0,0,0,0,4
1,1,0,0,0,0,0,1,1,0,0,0,1,2
1,1,0,0,0,0,0,1,1,0,1,0,0,5
1,1,0,0,0,0,0,1,1,0,1,0,1,4
1,1,0,0,0,0,0,1,1,1,0,0,1,1
1,1,0,0,0,0,0,1,2,0,1,0,0,1
1,1,0,0,0,0,0,2,0,0,1,0,0,1
1,1,0,0,0,0,0,2,1,0,1,0,0,1
1,1,0,0,0,0,0,2,1,0,1,0,1,2
1,1,0,0,0,0,0,2,2,0,0,0,2,1
1,1,0,0,0,0,1,0,1,0,1,0,1,1
1,1,0,0,0,0,1,0,2,0,1,0,2,1
1,1,0,0,0,0,1,1,0,0,1,0,1,1
1,1,0,0,0,0,1,1,1,0,0,0,1,3
1,1,0,0,0,0,1,1,1,0,1,0,0,1
1,1,0,0,0,0,1,1,1,0,1,1,0,1
1,1,0,0,0,0,1,1,1,0,2,0,1,1
1,1,0,0,0,1,0,0,0,0,0,0,0,1
1,1,0,0,0,1,0,0,0,0,1,0,0,4
1,1,0,0,0,1,0,0,0,0,1,0,1,3
1,1,0,0,0,1,0,0,0,0,2,0,0,1
1,1,0,0,0,1,0,0,0,0,2,0,1,1
1,1,0,0,0,1,0,0,1,0,0,0,0,1
1,1,0,0,0,1,0,0,1,0,1,0,0,2
1,1,0,0,0,1,0,0,1,0,1,0,1,4
1,1,0,0,0,1,0,1,0,0,0,0,1,1
1,1,0,0,0,1,0,1,0,0,1,0,0,1
1,1,0,0,0,1,0,1,1,0,1,0,0,1
1,1,0,0,0,1,0,1,1,0,1,0,1,1
1,1,0,0,0,1,0,1,1,0,1,1,1,1
1,1,0,0,0,1,0,1,1,0,2,0,1,2
1,1,0,0,0,1,0,1,1,1,1,0,0,1
1,1,0,0,0,1,0,1,1,1,1,0,1,1
1,1,0,0,0,1,0,1,2,1,1,0,1,1
1,1,0,0,0,1,0,2,1,0,2,0,2,1
1,1,0,0,0,1,0,2,2,0,0,1,0,1
1,1,0,0,0,1,1,0,0,0,0,0,0,2
1,1,0,0,0,1,1,0,0,0,1,0,0,2
1,1,0,0,0,1,1,0,0,0,1,0,1,1
1,1,0,0,0,1,1,0,0,0,1,1,1,1
1,1,0,0,0,1,1,0,1,0,1,0,1,1
1,1,0,0,0,1,1,0,1,0,2,0,1,1
1,1,0,0,0,1,1,1,0,0,0,0,0,1
1,1,0,0,0,1,1,1,1,0,1,0,1,1
1,1,0,0,0,1,1,1,1,1,1,0,0,1
1,1,0,0,0,1,1,2,1,1,2,1,1,1
1,1,0,0,0,1,1,2,2,0,1,1,2,1
1,1,0,0,0,2,0,2,0,0,2,0,1,1
1,1,0,0,0,2,1,0,1,0,1,0,1,1
1,1,0,0,0,2,1,2,1,0,2,0,1,1
1,1,0,0,0,2,2,1,1,0,0,0,1,1
1,1,0,0,0,2,2,1,1,0,2,1,2,1
1,1,0,0,1,0,0,0,0,0,0,0,0,3
1,1,0,0,1,0,0,0,0,0,0,1,0,1
1,1,0,0,1,0,0,0,0,0,1,0,0,4
1,1,0,0,1,0,0,0,0,1,1,0,0,1
1,1,0,0,1,0,0,0,1,0,0,0,0,1
1,1,0,0,1,0,0,0,1,0,0,0,1,2
1,1,0,0,1,0,0,0,1,0,1,0,0,2
1,1,0,0,1,0,0,0,1,0,1,0,1,2
1,1,0,0,1,0,0,0,1,0,2,0,1,1
1,1,0,0,1,0,0,0,1,0,2,0,2,1
1,1,0,0,1,0,0,0,1,1,1,0,0,1
1,1,0,0,1,0,0,0,1,1,1,0,2,1
1,1,0,0,1,0,0,1,0,0,0,0,1,1
1,1,0,0,1,0,0,1,0,0,1,0,0,1
1,1,0,0,1,0,0,1,0,0,1,0,1,1
1,1,0,0,1,0,0,1,1,0,0,0,1,1
1,1,0,0,1,0,0,1,1,0,1,0,1,10
1,1,0,0,1,0,0,1,1,0,1,0,2,1
1,1,0,0,1,0,0,2,1,0,2,0,2,1
1,1,0,0,1,0,1,0,0,0,1,0,0,1
1,1,0,0,1,0,1,0,1,0,0,0,1,1
1,1,0,0,1,0,1,1,1,0,1,0,0,2
1,1,0,0,1,0,1,1,1,0,1,0,1,3
1,1,0,0,1,0,1,1,1,1,0,0,2,1
1,1,0,0,1,0,1,1,2,0,1,1,2,1
1,1,0,0,1,1,0,0,0,0,1,0,0,1
1,1,0,0,1,1,0,0,0,0,1,0,1,2
1,1,0,0,1,1,0,0,0,0,2,0,1,1
1,1,0,0,1,1,0,0,1,0,1,0,0,1
1,1,0,0,1,1,0,0,1,0,1,0,1,1
1,1,0,0,1,1,0,1,0,0,1,0,0,1
1,1,0,0,1,1,0,1,1,0,1,0,0,1
1,1,0,0,1,1,0,1,1,0,1,0,1,1
1,1,0,0,1,1,0,1,1,0,2,0,2,1
1,1,0,0,1,1,0,1,1,1,1,1,1,1
1,1,0,0,1,1,0,1,2,0,2,0,1,1
1,1,0,0,1,1,0,2,1,0,0,0,1,1
1,1,0,0,1,1,1,0,0,0,1,0,0,1
1,1,0,0,1,1,1,0,0,1,1,0,1,1
1,1,0,0,1,1,1,0,1,0,0,0,1,1
1,1,0,0,1,1,1,0,1,0,2,0,1,1
1,1,0,0,1,1,1,1,1,0,0,0,1,1
1,1,0,0,1,1,1,1,1,0,1,0,1,3
1,1,0,0,1,1,1,1,1,0,2,0,1,3
1,1,0,0,1,1,1,1,1,0,2,1,1,1
1,1,0,0,1,1,1,1,1,1,1,0,1,2
1,1,0,0,1,1,1,2,1,1,1,0,1,1
1,1,0,0,1,1,1,2,1,1,2,0,1,1
1,1,0,0,1,1,1,2,2,0,2,1,2,1
1,1,0,0,1,2,1,0,1,0,1,0,1,1
1,1,0,0,2,0,0,0,1,0,0,0,0,1
1,1,0,0,2,0,0,0,1,0,1,0,1,1
1,1,0,0,2,0,0,0,1,1,0,0,1,1
1,1,0,0,2,0,0,0,1,1,1,0,2,1
1,1,0,0,2,0,0,1,0,0,1,0,1,2
1,1,0,0,2,0,0,1,1,0,0,0,2,1
1,1,0,0,2,0,0,1,1,0,1,0,1,1
1,1,0,0,2,0,0,1,1,0,2,0,1,1
1,1,0,0,2,0,0,1,1,1,1,0,1,1
1,1,0,0,2,0,0,1,2,1,1,0,0,1
1,1,0,0,2,0,0,1,2,1,2,0,0,1
1,1,0,0,2,0,0,2,2,0,2,0,2,1
1,1,0,0,2,1,0,1,1,0,1,0,1,1
1,1,0,0,2,1,0,1,2,1,0,0,2,1
1,1,0,0,2,1,0,2,1,0,2,0,0,1
1,1,0,0,2,1,1,1,1,0,2,0,1,1
1,1,0,0,2,1,1,1,1,1,1,0,1,1
1,1,0,0,2,1,1,1,1,1,2,0,2,1
1,1,0,0,2,1,1,1,2,2,1,0,2,1
1,1,0,0,2,1,1,2,2,1,1,0,2,1
1,1,0,1,0,0,0,0,0,0,0,0,1,1
1,1,0,1,0,0,0,0,0,0,1,0,0,2
1,1,0,1,0,0,0,1,1,0,0,0,0,1
1,1,0,1,0,0,0,1,1,0,1,0,1,1
1,1,0,1,0,0,0,1,1,0,2,0,0,1
1,1,0,1,0,0,0,1,1,1,0,0,1,1
1,1,0,1,0,0,0,1,1,1,1,0,0,1
1,1,0,1,0,0,0,1,1,1,1,0,1,1
1,1,0,1,0,0,1,1,1,0,0,0,0,1
1,1,0,1,0,1,0,0,0,0,1,0,1,1
1,1,0,1,0,1,0,0,1,0,1,0,1,1
1,1,0,1,0,1,0,0,2,1,0,0,2,1
1,1,0,1,0,1,0,1,1,0,0,0,0,1
1,1,0,1,0,1,1,1,0,0,0,0,1,1
1,1,0,1,0,1,1,1,1,0,0,0,1,1
1,1,0,1,0,1,1,1,1,0,1,0,1,1
1,1,0,1,0,1,1,2,2,1,1,1,1,1
1,1,0,1,0,1,2,2,2,1,2,1,2,1
1,1,0,1,1,0,0,0,0,0,1,0,1,2
1,1,0,1,1,0,0,0,0,1,1,0,1,1
1,1,0,1,1,0,0,0,1,0,1,0,0,1
1,1,0,1,1,0,0,0,1,1,1,0,1,1
1,1,0,1,1,0,0,1,0,0,1,0,1,1
1,1,0,1,1,0,0,1,0,0,2,0,1,1
1,1,0,1,1,0,0,1,1,0,1,0,1,2
1,1,0,1,1,0,0,1,1,1,1,0,0,1
1,1,0,1,1,0,0,1,1,1,1,0,1,1
1,1,0,1,1,0,0,2,2,0,1,0,1,1
1,1,0,1,1,0,1,0,0,0,2,0,1,1
1,1,0,1,1,0,1,1,1,0,1,0,1,1
1,1,0,1,1,0,1,1,1,1,1,0,1,1
1,1,0,1,1,0,1,1,1,1,1,0,2,1
1,1,0,1,1,0,1,2,1,0,1,0,2,1
1,1,0,1,1,0,1,2,2,1,1,0,2,1
1,1,0,1,1,1,0,0,1,0,1,0,1,1
1,1,0,1,1,1,0,0,1,1,1,0,1,1
1,1,0,1,1,1,0,1,2,0,0,0,1,1
1,1,0,1,1,1,1,0,0,0,1,0,1,1
1,1,0,1,1,1,1,0,1,0,1,0,1,1
1,1,0,1,1,1,1,1,0,0,0,0,0,1
1,1,0,1,1,1,1,1,0,0,2,0,1,1
1,1,0,1,1,1,1,1,1,0,1,0,1,1
1,1,0,1,1,1,1,1,1,0,2,0,2,1
1,1,0,1,1,1,1,1,1,1,1,0,1,4
1,1,0,1,1,1,1,1,2,1,2,0,2,1
1,1,0,1,1,2,0,2,2,0,2,0,2,1
1,1,0,1,1,2,1,1,1,1,1,0,2,1
1,1,0,1,1,2,1,1,1,1,2,1,2,1
1,1,0,1,1,2,1,2,1,0,1,0,2,1
1,1,0,1,1,2,2,1,1,0,0,2,1,1
1,1,0,1,1,2,2,1,1,1,1,1,2,1
1,1,0,1,2,0,0,0,1,1,2,0,1,1
1,1,0,1,2,0,0,1,2,0,2,0,2,1
1,1,0,1,2,0,0,2,2,0,2,0,2,1
1,1,0,1,2,0,1,1,1,1,2,0,1,1
1,1,0,1,2,0,1,1,1,2,2,1,2,1
1,1,0,1,2,0,1,2,2,2,2,0,2,1
1,1,0,1,2,1,0,0,2,0,2,0,1,1
1,1,0,1,2,1,0,1,0,1,2,0,2,1
1,1,0,1,2,1,1,0,0,1,1,0,1,1
1,1,0,1,2,1,1,0,2,1,2,1,2,1
1,1,0,1,2,1,1,1,1,0,1,1,0,1
1,1,0,1,2,1,2,0,2,1,1,0,2,1
1,1,0,2,1,0,0,0,0,0,2,0,2,1
1,1,0,2,1,0,0,0,1,1,1,0,1,1
1,1,0,2,2,0,1,2,2,2,1,1,1,1
1,1,0,2,2,1,0,0,0,2,2,0,2,1
1,1,0,2,2,1,0,1,1,1,2,0,1,1
1,1,0,2,2,1,0,2,1,2,2,0,1,1
1,1,0,2,2,2,1,2,2,2,2,1,2,1
1,1,1,0,0,0,0,0,0,0,1,0,1,1
1,1,1,0,0,0,0,1,1,0,1,0,0,1
1,1,1,0,0,0,0,1,1,0,1,1,2,1
1,1,1,0,0,0,0,1,1,1,2,0,1,1
1,1,1,0,0,0,0,1,2,0,1,0,1,1
1,1,1,0,0,0,1,2,1,0,0,0,0,1
1,1,1,0,0,1,0,0,0,0,2,0,1,1
1,1,1,0,0,2,1,1,2,0,1,0,2,1
1,1,1,0,0,2,1,1,2,0,2,0,2,1
1,1,1,0,1,0,0,0,1,0,1,0,0,1
1,1,1,0,1,0,0,0,1,1,1,0,1,1
1,1,1,0,1,0,0,1,0,0,1,0,2,2
1,1,1,0,1,0,0,1,1,0,0,0,1,1
1,1,1,0,1,0,0,1,1,0,1,0,0,1
1,1,1,0,1,0,0,1,1,0,1,0,1,1
1,1,1,0,1,0,1,0,1,1,2,0,0,1
1,1,1,0,1,0,1,1,2,1,2,0,1,1
1,1,1,0,1,1,1,0,0,0,2,0,1,1
1,1,1,0,1,1,1,1,1,0,2,1,1,1
1,1,1,0,1,1,1,1,1,1,1,0,1,4
1,1,1,0,1,1,1,1,2,0,2,0,2,1
1,1,1,0,1,1,1,2,2,1,2,0,2,1
1,1,1,0,1,2,1,2,2,1,2,0,2,1
1,1,1,1,0,0,0,0,0,0,0,0,1,1
1,1,1,1,0,0,0,1,1,0,1,1,2,1
1,1,1,1,0,1,0,1,1,1,1,0,1,1
1,1,1,1,0,1,1,1,1,0,0,0,1,1
1,1,1,1,0,1,1,1,1,1,1,0,1,1
1,1,1,1,0,1,1,2,1,1,1,0,1,1
1,1,1,1,0,1,1,2,2,1,2,0,1,1
1,1,1,1,0,2,2,1,0,0,1,0,0,1
1,1,1,1,1,0,0,2,1,0,1,0,2,1
1,1,1,1,1,0,1,1,1,0,1,0,1,1
1,1,1,1,1,0,1,1,2,1,2,0,2,1
1,1,1,1,1,1,1,0,0,0,1,0,1,1
1,1,1,1,1,1,1,0,1,0,1,0,1,1
1,1,1,1,1,1,1,1,0,0,0,0,0,1
1,1,1,1,1,1,1,1,0,0,1,1,1,1
1,1,1,1,1,1,1,1,1,0,1,0,0,1
1,1,1,1,1,1,1,1,1,1,0,0,1,1
1,1,1,1,1,1,1,1,1,1,1,0,1,2
1,1,1,1,1,1,1,1,1,1,1,1,1,1
1,1,1,1,1,1,1,1,1,1,2,0,1,1
1,1,1,1,1,1,1,1,1,1,2,1,2,1
1,1,1,1,1,1,1,2,1,0,1,0,1,1
1,1,1,1,1,1,2,2,1,1,2,1,2,1
1,1,1,1,2,0,0,1,1,0,1,0,1,1
1,1,1,1,2,0,0,1,1,1,2,0,1,1
1,1,1,1,2,0,1,1,1,1,2,0,1,1
1,1,1,1,2,1,0,1,2,1,2,0,2,1
1,1,1,1,2,2,1,0,1,0,2,0,1,1
1,1,1,1,2,2,2,1,1,2,1,0,0,1
1,1,1,1,2,2,2,2,1,1,2,0,1,1
1,1,1,2,1,1,2,1,1,2,2,1,1,1
1,1,1,2,1,1,2,2,2,0,2,0,2,1
1,1,1,2,2,2,2,1,2,1,2,0,2,1
1,1,2,0,2,2,2,2,2,0,2,1,2,1
1,1,2,1,0,1,0,1,2,0,1,0,2,1
1,1,2,1,0,1,1,1,1,1,1,0,1,1
1,1,2,1,1,2,2,1,1,0,1,2,1,1
1,1,2,2,2,1,2,2,2,2,2,1,2,1
1,1,2,2,2,2,2,1,1,1,2,0,2,1
1,2,0,0,0,0,0,0,0,0,0,0,0,1
1,2,0,0,0,0,0,0,0,0,1,0,0,2
1,2,0,0,0,0,0,0,1,0,0,0,0,1
1,2,0,0,0,0,0,1,0,0,1,0,0,1
1,2,0,0,0,0,0,1,1,0,0,0,0,1
1,2,0,0,0,0,0,1,1,0,1,0,0,1
1,2,0,0,0,0,0,1,1,1,1,0,2,1
1,2,0,0,0,0,0,1,2,0,1,0,2,1
1,2,0,0,0,0,0,2,1,0,1,0,0,1
1,2,0,0,0,0,1,0,1,0,2,0,0,1
1,2,0,0,0,0,1,1,1,1,1,0,1,1
1,2,0,0,0,1,0,0,1,0,0,0,1,1
1,2,0,0,0,1,0,1,1,0,1,0,1,1
1,2,0,0,0,2,1,2,1,0,2,0,2,1
1,2,0,0,0,2,2,2,1,0,2,0,2,1
1,2,0,0,1,0,0,0,0,0,1,0,1,1
1,2,0,0,1,0,0,0,1,0,1,0,0,1
1,2,0,0,1,1,0,0,0,0,0,0,0,1
1,2,0,0,1,1,0,0,1,0,1,0,1,1
1,2,0,0,1,1,0,1,1,0,1,0,1,1
1,2,0,0,1,1,1,2,2,1,1,0,1,1
1,2,0,0,1,2,1,1,2,0,0,0,1,1
1,2,0,0,2,1,1,1,2,0,1,1,1,1
1,2,0,0,2,2,1,2,2,1,1,1,2,1
1,2,0,1,0,0,0,1,1,0,2,0,1,1
1,2,0,1,0,1,2,2,2,0,2,0,1,1
1,2,0,1,1,0,0,0,1,0,2,0,1,1
1,2,0,1,1,0,0,1,1,0,1,0,1,1
1,2,0,1,1,1,2,2,2,0,2,0,2,1
1,2,0,1,2,0,2,1,1,1,2,0,2,1
1,2,0,1,2,0,2,2,2,2,1,0,2,1
1,2,0,1,2,2,2,2,2,2,2,0,2,1
1,2,0,2,2,0,0,1,1,1,1,0,2,1
1,2,0,2,2,1,0,2,2,0,2,0,1,1
1,2,1,0,0,0,0,1,1,0,0,0,1,1
1,2,1,0,0,1,0,0,0,0,2,0,2,1
1,2,1,0,0,1,0,2,1,1,1,0,2,1
1,2,1,0,0,2,1,2,2,2,2,0,2,1
1,2,1,0,1,0,0,2,2,0,2,0,2,1
1,2,1,0,1,0,1,0,1,0,2,0,1,1
1,2,1,0,1,0,1,2,2,0,1,0,2,1
1,2,1,0,1,1,0,0,0,1,1,0,0,1
1,2,1,0,2,0,0,1,1,0,0,0,1,1
1,2,1,0,2,2,1,1,0,1,2,0,2,1
1,2,1,0,2,2,1,1,1,1,2,1,2,1
1,2,1,1,0,0,0,2,2,0,1,0,2,1
1,2,1,1,0,0,1,0,0,1,1,0,2,1
1,2,1,1,0,0,1,1,1,0,2,0,2,1
1,2,1,1,0,2,2,2,2,1,2,1,2,1
1,2,1,1,1,0,0,1,1,0,1,0,1,1
1,2,1,1,1,1,1,1,2,1,1,1,2,1
1,2,1,1,1,2,2,1,2,2,2,1,2,1
1,2,1,1,2,2,1,2,2,1,1,0,2,1
1,2,1,2,2,0,0,1,0,0,2,0,1,1
1,2,2,0,0,0,1,2,2,1,2,0,2,1
1,2,2,0,2,0,2,1,1,1,2,0,2,1
1,2,2,1,1,0,1,1,2,1,1,0,2,1
1,2,2,1,1,1,1,1,2,0,2,0,2,1
1,2,2,2,2,2,2,1,2,1,1,1,2,1
2,0,0,0,0,0,0,0,0,0,0,0,0,7
2,0,0,0,0,0,0,0,0,0,0,0,1,2
2,0,0,0,0,0,0,0,0,0,1,0,0,4
2,0,0,0,0,0,0,0,1,0,0,0,1,1
2,0,0,0,0,0,0,0,1,0,1,0,0,2
2,0,0,0,0,0,0,0,1,0,1,0,1,1
2,0,0,0,0,0,0,0,1,1,1,0,0,1
2,0,0,0,0,0,0,1,0,0,0,0,2,1
2,0,0,0,0,0,0,1,0,0,1,0,0,1
2,0,0,0,0,0,0,1,0,0,1,0,1,1
2,0,0,0,0,0,0,1,1,0,2,0,0,1
2,0,0,0,0,0,0,1,1,1,0,0,0,1
2,0,0,0,0,0,0,1,1,1,1,0,2,1
2,0,0,0,0,0,0,2,0,0,0,0,0,2
2,0,0,0,0,0,0,2,1,0,1,0,2,1
2,0,0,0,0,0,1,1,1,1,1,0,2,1
2,0,0,0,0,1,0,0,0,0,0,0,0,1
2,0,0,0,0,1,0,0,0,0,0,0,1,1
2,0,0,0,0,1,0,0,1,0,2,0,0,1
2,0,0,0,0,1,0,1,0,0,0,0,0,1
2,0,0,0,0,1,0,1,1,0,1,0,1,1
2,0,0,0,0,1,1,1,0,0,1,1,1,1
2,0,0,0,0,1,1,2,2,0,1,0,1,1
2,0,0,0,0,2,0,0,0,0,1,0,0,1
2,0,0,0,0,2,0,0,1,0,0,0,1,1
2,0,0,0,0,2,0,2,0,0,2,0,0,1
2,0,0,0,0,2,1,0,0,1,2,0,0,1
2,0,0,0,0,2,1,2,2,0,2,0,2,1
2,0,0,0,1,0,0,0,0,0,0,0,0,2
2,0,0,0,1,0,0,0,0,0,0,1,1,1
2,0,0,0,1,0,0,0,0,0,1,0,0,1
2,0,0,0,1,0,0,1,0,0,1,0,0,1
2,0,0,0,1,0,0,1,1,0,1,0,2,1
2,0,0,0,1,0,0,2,1,1,2,0,2,1
2,0,0,0,1,0,1,0,0,0,0,0,0,1
2,0,0,0,1,0,1,0,1,0,1,0,1,1
2,0,0,0,1,0,1,1,1,0,0,0,1,1
2,0,0,0,1,1,0,0,0,0,2,0,1,1
2,0,0,0,1,1,0,0,0,1,0,0,1,1
2,0,0,0,1,1,0,0,1,0,2,0,1,1
2,0,0,0,1,1,0,1,0,0,0,0,0,1
2,0,0,0,1,1,0,1,0,0,1,0,1,1
2,0,0,0,1,1,0,1,0,0,2,0,0,1
2,0,0,0,1,1,0,1,1,0,1,0,1,1
2,0,0,0,1,1,0,2,0,0,2,0,1,1
2,0,0,0,1,1,1,1,2,1,1,0,2,1
2,0,0,0,1,1,1,2,0,0,1,0,1,1
2,0,0,0,1,2,0,1,1,0,0,1,1,1
2,0,0,0,1,2,1,2,0,1,0,0,0,1
2,0,0,0,1,2,2,1,1,0,2,0,2,1
2,0,0,0,2,0,0,0,0,0,2,0,1,1
2,0,0,0,2,0,0,1,2,2,2,0,1,1
2,0,0,0,2,0,0,2,1,0,0,0,1,1
2,0,0,0,2,0,1,1,0,0,1,0,1,1
2,0,0,0,2,0,1,1,0,1,1,0,1,1
2,0,0,0,2,0,1,1,2,0,2,0,0,1
2,0,0,0,2,1,0,0,0,0,1,0,1,1
2,0,0,0,2,1,0,1,1,0,2,0,0,1
2,0,0,0,2,1,1,2,2,2,1,0,2,1
2,0,0,0,2,2,0,1,0,1,2,0,0,1
2,0,0,0,2,2,2,0,1,1,1,0,1,1
2,0,0,1,0,0,0,0,0,0,0,0,2,1
2,0,0,1,0,1,0,1,0,0,1,0,1,1
2,0,0,1,0,1,0,1,1,0,2,0,0,1
2,0,0,1,0,2,1,1,2,1,2,0,1,1
2,0,0,1,1,0,0,2,0,0,1,0,0,1
2,0,0,1,1,1,1,0,1,1,2,0,1,1
2,0,0,1,1,1,1,1,1,1,1,0,2,1
2,0,0,1,2,1,1,1,0,1,1,1,1,1
2,0,0,1,2,1,2,1,0,1,0,0,2,1
2,0,0,1,2,2,1,2,2,2,1,0,2,1
2,0,0,1,2,2,2,2,2,1,2,1,2,1
2,0,0,2,0,2,0,0,0,0,0,0,0,1
2,0,0,2,1,0,1,0,0,0,2,0,2,1
2,0,0,2,2,2,1,2,2,2,2,1,2,1
2,0,0,2,2,2,2,0,0,0,0,0,1,1
2,0,0,2,2,2,2,0,2,2,1,1,2,1
2,0,1,0,0,0,0,0,0,0,0,0,0,1
2,0,1,0,0,0,0,2,0,0,2,0,0,1
2,0,1,0,0,1,0,0,0,0,0,0,1,1
2,0,1,0,0,1,2,1,1,0,1,0,1,1
2,0,1,0,1,1,0,1,1,0,0,0,1,1
2,0,1,0,2,1,2,1,2,1,2,0,2,1
2,0,1,0,2,2,2,1,0,2,2,0,1,1
2,0,1,1,0,0,0,0,0,1,0,0,0,1
2,0,1,1,0,0,1,1,1,0,2,0,1,1
2,0,1,1,1,1,1,1,1,1,1,0,2,1
2,0,1,1,1,1,1,1,1,1,1,1,1,1
2,0,2,0,0,1,2,1,1,0,1,1,1,1
2,1,0,0,0,0,0,0,0,0,2,0,0,1
2,1,0,0,0,0,0,1,0,0,2,0,2,1
2,1,0,0,0,0,0,1,1,0,1,0,0,1
2,1,0,0,0,0,0,2,1,0,1,0,0,1
2,1,0,0,0,0,0,2,1,0,1,0,1,1
2,1,0,0,0,0,0,2,1,0,2,0,2,1
2,1,0,0,0,0,0,2,1,1,2,0,2,1
2,1,0,0,0,0,1,0,0,0,1,0,0,1
2,1,0,0,0,0,1,0,0,0,2,1,0,1
2,1,0,0,0,0,1,2,2,0,0,0,2,1
2,1,0,0,0,1,0,0,1,1,2,0,2,1
2,1,0,0,0,1,0,1,1,0,1,0,1,2
2,1,0,0,0,1,0,1,1,0,2,0,1,1
2,1,0,0,0,2,0,0,0,0,1,1,1,1
2,1,0,0,0,2,2,2,2,0,2,0,2,1
2,1,0,0,1,0,0,0,0,0,0,0,0,1
2,1,0,0,1,0,0,0,0,0,1,0,0,1
2,1,0,0,1,0,0,0,0,0,1,0,1,1
2,1,0,0,1,0,0,1,1,0,1,0,1,2
2,1,0,0,1,0,1,0,2,0,2,0,1,1
2,1,0,0,1,0,1,1,2,0,0,1,2,1
2,1,0,0,1,0,1,2,2,0,2,0,2,1
2,1,0,0,1,1,0,0,2,0,0,0,1,1
2,1,0,0,1,1,1,0,1,0,1,1,1,1
2,1,0,0,1,1,1,1,1,0,0,0,1,1
2,1,0,0,1,1,1,1,1,0,1,0,1,1
2,1,0,0,1,1,1,1,1,1,2,0,2,1
2,1,0,0,1,1,1,1,2,1,1,0,1,1
2,1,0,0,1,2,2,2,0,0,2,0,1,1
2,1,0,0,2,0,0,0,0,0,0,1,0,1
2,1,0,0,2,0,0,1,1,0,1,0,0,1
2,1,0,0,2,0,0,1,2,0,2,0,2,1
2,1,0,0,2,1,1,0,1,0,1,0,1,1
2,1,0,1,0,0,1,1,1,0,1,0,0,1
2,1,0,1,0,0,1,1,1,1,2,0,1,1
2,1,0,1,0,2,1,1,1,1,1,0,2,1
2,1,0,1,0,2,1,2,1,1,2,0,1,1
2,1,0,1,1,0,2,1,1,2,1,0,2,1
2,1,0,1,1,2,0,2,2,1,0,1,1,1
2,1,0,1,2,1,2,0,2,1,2,1,2,1
2,1,0,2,2,1,2,1,1,2,2,0,2,1
2,1,1,0,0,0,1,0,2,0,0,0,2,1
2,1,1,0,1,1,0,1,1,0,2,0,1,1
2,1,1,0,1,1,0,1,1,1,1,0,1,1
2,1,1,1,0,0,0,0,0,0,0,0,0,1
2,1,1,1,0,0,0,2,1,0,2,0,1,1
2,1,1,1,0,1,0,1,1,1,1,0,1,1
2,1,1,1,1,0,0,2,2,0,2,0,1,1
2,1,1,1,1,1,0,0,0,0,2,0,1,1
2,1,1,1,1,2,2,2,1,1,1,0,1,1
2,1,1,1,1,2,2,2,1,1,1,2,2,1
2,1,1,1,2,0,2,1,1,0,2,1,1,1
2,1,2,1,1,1,2,1,1,1,2,0,2,1
2,2,0,0,0,0,0,1,1,0,1,0,1,1
2,2,0,0,0,1,0,0,0,0,1,0,0,1
2,2,0,0,0,2,1,2,2,1,1,1,2,1
2,2,0,0,1,0,1,2,2,1,2,0,2,1
2,2,0,1,1,0,1,2,2,0,2,0,2,1
2,2,0,1,1,2,2,2,2,1,2,0,2,1
2,2,0,1,2,2,2,1,1,1,2,1,1,1
2,2,0,2,1,0,0,0,2,1,2,0,2,1
2,2,0,2,2,1,2,2,2,2,2,0,2,1
2,2,1,0,0,0,1,2,2,0,2,0,2,1
2,2,1,1,0,2,1,2,2,1,2,0,2,1
2,2,1,1,1,1,1,1,1,1,1,0,2,1
2,2,1,1,2,1,1,2,2,1,1,0,2,1
2,2,1,1,2,2,1,1,2,1,2,0,2,1
2,2,1,2,0,0,0,2,2,0,2,0,2,1
2,2,1,2,1,0,1,0,1,0,1,0,1,1
2,2,1,2,2,1,1,2,2,1,2,0,2,1
2,2,2,2,2,2,2,2,2,2,2,1,2,1
2,2,2,2,2,2,2,2,2,2,2,2,2,1
